batch_id,stage,temperature,pressure,humidity,NaCl,KCl,defect_prob,is_defect,risk_level
1,Mixing,22.58,1.11,54.18,0.26,0.31,0.43,0,游리 medium
1,Mixing,24.18,1.37,49.91,0.24,0.12,0.58,1,游리 medium
1,Mixing,24.07,1.32,56.88,0.22,0.14,0.64,1,游댮 high
1,Mixing,22.99,1.0,52.72,0.52,0.22,0.05,0,游릭 low
1,Mixing,25.18,1.12,56.74,0.49,0.25,0.05,0,游릭 low
1,Granulation,36.69,1.92,39.72,0.34,0.23,0.05,0,游릭 low
1,Granulation,40.16,2.11,48.28,0.41,0.3,0.05,0,游릭 low
1,Granulation,44.64,1.87,44.97,0.2,0.2,0.75,1,游댮 high
1,Granulation,39.06,2.04,51.06,0.46,0.12,0.71,1,游댮 high
1,Granulation,38.27,1.83,44.54,0.59,0.27,0.05,0,游릭 low
1,Drying,80.13,1.01,13.23,0.24,0.29,0.26,0,游릭 low
1,Drying,70.19,1.06,5.73,0.54,0.15,0.39,0,游리 medium
1,Drying,68.07,1.14,6.74,0.34,0.3,0.05,0,游릭 low
1,Drying,67.68,1.0,8.72,0.27,0.13,1.0,1,游댮 high
1,Drying,67.64,1.04,12.83,0.55,0.21,0.05,0,游릭 low
1,Pressing,29.64,3.01,42.98,0.51,0.12,0.99,1,游댮 high
1,Pressing,27.68,2.61,50.53,0.29,0.2,0.41,0,游리 medium
1,Pressing,26.91,2.26,42.39,0.27,0.18,0.71,1,游댮 high
1,Pressing,26.52,1.97,38.25,0.37,0.14,0.25,0,游릭 low
1,Pressing,26.32,2.67,45.98,0.42,0.14,0.36,0,游리 medium
1,Coating,52.87,1.15,66.51,0.32,0.26,0.05,0,游릭 low
1,Coating,54.81,1.15,59.95,0.55,0.17,0.93,1,游댮 high
1,Coating,51.67,1.0,69.04,0.48,0.17,0.77,1,游댮 high
1,Coating,54.22,1.28,59.39,0.52,0.13,0.38,0,游리 medium
1,Coating,41.34,1.37,71.04,0.58,0.19,0.42,0,游리 medium
1,Packaging,20.82,0.97,54.76,0.32,0.29,0.05,0,游릭 low
1,Packaging,24.32,0.94,52.93,0.55,0.21,0.05,0,游릭 low
1,Packaging,23.08,1.08,50.09,0.46,0.15,0.4,0,游리 medium
1,Packaging,25.67,0.97,55.52,0.58,0.12,0.3,0,游리 medium
1,Packaging,21.97,0.99,42.08,0.39,0.19,0.3,0,游리 medium
2,Mixing,26.62,0.99,58.5,0.53,0.19,0.36,0,游리 medium
2,Mixing,21.79,1.34,58.42,0.55,0.27,0.05,0,游릭 low
2,Mixing,26.52,1.36,58.06,0.21,0.24,0.36,0,游리 medium
2,Mixing,24.61,1.38,50.02,0.33,0.15,0.26,0,游릭 low
2,Mixing,22.37,1.13,55.92,0.25,0.23,0.35,0,游리 medium
2,Granulation,39.26,2.15,46.5,0.3,0.29,0.05,0,游릭 low
2,Granulation,39.86,1.84,50.69,0.35,0.1,0.56,1,游리 medium
2,Granulation,37.68,1.71,50.96,0.33,0.23,0.05,0,游릭 low
2,Granulation,43.25,1.66,53.33,0.62,0.09,0.52,1,游리 medium
2,Granulation,43.09,2.02,45.44,0.29,0.17,0.95,1,游댮 high
2,Drying,77.86,1.07,8.56,0.52,0.12,0.37,0,游리 medium
2,Drying,75.62,1.24,7.62,0.43,0.23,0.05,0,游릭 low
2,Drying,75.5,1.26,7.55,0.33,0.28,0.05,0,游릭 low
2,Drying,67.14,1.14,12.79,0.35,0.22,0.05,0,游릭 low
2,Drying,70.94,1.26,14.34,0.55,0.19,0.44,0,游리 medium
2,Pressing,26.82,2.66,48.15,0.28,0.22,0.27,0,游릭 low
2,Pressing,24.84,2.19,43.41,0.48,0.2,0.05,0,游릭 low
2,Pressing,27.75,2.55,34.6,0.55,0.15,0.82,1,游댮 high
2,Pressing,26.94,2.09,39.31,0.37,0.22,0.05,0,游릭 low
2,Pressing,26.01,2.63,36.93,0.59,0.25,0.05,0,游릭 low
2,Coating,44.48,1.38,66.02,0.19,0.17,0.77,1,游댮 high
2,Coating,44.49,1.16,64.74,0.48,0.21,0.05,0,游릭 low
2,Coating,42.31,1.22,65.19,0.25,0.28,0.38,0,游리 medium
2,Coating,58.47,1.09,55.8,0.32,0.28,0.05,0,游릭 low
2,Coating,59.65,1.32,59.25,0.47,0.09,0.36,0,游리 medium
2,Packaging,19.59,1.08,50.28,0.22,0.24,0.76,1,游댮 high
2,Packaging,20.66,0.96,56.07,0.49,0.18,0.34,0,游리 medium
2,Packaging,20.52,0.92,42.36,0.57,0.15,0.39,0,游리 medium
2,Packaging,25.57,1.03,55.61,0.51,0.25,0.55,1,游리 medium
2,Packaging,23.39,0.99,57.37,0.39,0.23,0.05,0,游릭 low
3,Mixing,22.98,1.4,51.28,0.56,0.12,0.38,0,游리 medium
3,Mixing,21.76,1.13,48.94,0.41,0.11,0.26,0,游릭 low
3,Mixing,28.57,1.41,54.81,0.54,0.13,0.39,0,游리 medium
3,Mixing,24.63,1.24,54.26,0.27,0.17,0.64,1,游댮 high
3,Mixing,26.57,1.0,58.88,0.39,0.25,0.05,0,游릭 low
3,Granulation,37.88,1.51,47.67,0.38,0.17,0.7,1,游댮 high
3,Granulation,38.19,2.05,40.57,0.39,0.28,0.05,0,游릭 low
3,Granulation,42.73,1.83,49.06,0.5,0.14,0.67,1,游댮 high
3,Granulation,43.64,2.18,50.62,0.52,0.28,0.05,0,游릭 low
3,Granulation,37.2,1.83,39.13,0.34,0.28,0.05,0,游릭 low
3,Drying,61.1,1.23,13.3,0.51,0.23,0.44,0,游리 medium
3,Drying,61.76,1.18,4.56,0.26,0.19,0.81,1,游댮 high
3,Drying,69.04,1.14,15.51,0.37,0.11,0.44,0,游리 medium
3,Drying,70.38,1.3,12.32,0.25,0.14,1.0,1,游댮 high
3,Drying,70.35,1.15,7.87,0.25,0.29,0.25,0,游릭 low
3,Pressing,27.81,2.96,44.73,0.29,0.11,1.0,1,游댮 high
3,Pressing,27.09,2.31,50.31,0.54,0.12,0.44,0,游리 medium
3,Pressing,26.15,2.45,41.15,0.58,0.13,0.42,0,游리 medium
3,Pressing,27.53,2.79,36.44,0.21,0.18,0.9,1,游댮 high
3,Pressing,27.87,2.62,45.57,0.32,0.23,0.05,0,游릭 low
3,Coating,48.75,1.45,48.72,0.25,0.21,0.43,0,游리 medium
3,Coating,54.45,1.03,55.96,0.52,0.26,0.05,0,游릭 low
3,Coating,45.11,1.13,68.72,0.34,0.22,0.55,1,游리 medium
3,Coating,39.68,1.05,51.92,0.34,0.19,0.26,0,游릭 low
3,Coating,43.24,1.28,52.21,0.49,0.31,0.05,0,游릭 low
3,Packaging,22.15,1.01,54.79,0.46,0.27,0.05,0,游릭 low
3,Packaging,21.77,0.99,50.1,0.49,0.16,0.35,0,游리 medium
3,Packaging,21.65,1.05,54.6,0.24,0.15,1.0,1,游댮 high
3,Packaging,23.16,1.0,47.7,0.48,0.11,0.42,0,游리 medium
3,Packaging,22.71,0.97,49.35,0.44,0.26,0.05,0,游릭 low
4,Mixing,23.21,1.49,54.47,0.45,0.15,0.31,0,游리 medium
4,Mixing,23.95,1.22,49.99,0.36,0.21,0.05,0,游릭 low
4,Mixing,23.06,1.3,47.94,0.5,0.27,0.05,0,游릭 low
4,Mixing,28.05,1.25,54.94,0.46,0.13,0.35,0,游리 medium
4,Mixing,27.42,1.38,56.38,0.28,0.28,0.38,0,游리 medium
4,Granulation,36.0,1.9,55.94,0.22,0.29,0.28,0,游릭 low
4,Granulation,40.3,2.13,44.34,0.3,0.16,0.69,1,游댮 high
4,Granulation,35.53,1.78,42.93,0.6,0.26,0.05,0,游릭 low
4,Granulation,44.26,2.12,44.46,0.27,0.21,0.73,1,游댮 high
4,Granulation,41.36,1.82,51.54,0.33,0.27,0.05,0,游릭 low
4,Drying,78.13,1.09,8.55,0.25,0.12,0.65,1,游댮 high
4,Drying,61.17,1.19,16.85,0.43,0.3,0.38,0,游리 medium
4,Drying,77.29,1.14,13.53,0.46,0.17,0.39,0,游리 medium
4,Drying,74.02,1.34,5.59,0.23,0.12,1.0,1,游댮 high
4,Drying,60.69,1.02,10.77,0.51,0.24,0.41,0,游리 medium
4,Pressing,28.79,2.5,38.45,0.33,0.15,0.85,1,游댮 high
4,Pressing,26.33,2.61,32.78,0.31,0.23,0.05,0,游릭 low
4,Pressing,25.61,2.32,32.74,0.33,0.24,0.05,0,游릭 low
4,Pressing,26.04,2.64,40.43,0.6,0.11,0.31,0,游리 medium
4,Pressing,26.54,2.5,36.37,0.24,0.25,0.36,0,游리 medium
4,Coating,55.57,1.22,65.6,0.49,0.22,0.05,0,游릭 low
4,Coating,40.09,1.02,52.68,0.51,0.29,0.05,0,游릭 low
4,Coating,59.17,1.1,54.5,0.57,0.18,0.39,0,游리 medium
4,Coating,49.46,1.12,63.22,0.21,0.2,0.28,0,游릭 low
4,Coating,52.53,1.14,54.36,0.41,0.13,0.42,0,游리 medium
4,Packaging,24.49,0.92,52.44,0.28,0.22,0.4,0,游리 medium
4,Packaging,21.58,0.99,48.13,0.56,0.17,0.25,0,游릭 low
4,Packaging,24.14,1.08,47.9,0.38,0.13,0.33,0,游리 medium
4,Packaging,19.97,0.98,49.7,0.57,0.29,0.05,0,游릭 low
4,Packaging,25.31,0.99,44.8,0.58,0.18,0.37,0,游리 medium
5,Mixing,25.9,1.42,52.89,0.56,0.17,0.41,0,游리 medium
5,Mixing,24.9,1.25,57.78,0.2,0.27,0.78,1,游댮 high
5,Mixing,24.11,1.08,49.56,0.3,0.26,0.05,0,游릭 low
5,Mixing,23.57,1.18,59.15,0.41,0.29,0.05,0,游릭 low
5,Mixing,22.79,1.31,48.81,0.3,0.26,0.05,0,游릭 low
5,Granulation,43.41,1.66,41.35,0.42,0.13,0.58,1,游리 medium
5,Granulation,43.8,2.26,55.88,0.26,0.27,0.43,0,游리 medium
5,Granulation,43.84,1.86,48.84,0.49,0.16,0.54,1,游리 medium
5,Granulation,39.46,2.16,46.12,0.41,0.16,0.48,0,游리 medium
5,Granulation,37.24,2.11,38.32,0.5,0.12,0.69,1,游댮 high
5,Drying,64.12,1.12,7.29,0.29,0.24,0.66,1,游댮 high
5,Drying,62.77,1.29,7.65,0.47,0.22,0.47,0,游리 medium
5,Drying,68.21,1.16,7.56,0.21,0.28,0.29,0,游릭 low
5,Drying,70.87,1.11,11.37,0.59,0.25,0.05,0,游릭 low
5,Drying,64.98,1.08,11.66,0.27,0.22,1.0,1,游댮 high
5,Pressing,26.17,2.1,43.62,0.33,0.13,0.28,0,游릭 low
5,Pressing,30.19,2.67,48.07,0.28,0.2,0.35,0,游리 medium
5,Pressing,26.74,2.51,42.03,0.34,0.13,0.38,0,游리 medium
5,Pressing,29.25,2.2,49.25,0.27,0.11,0.54,1,游리 medium
5,Pressing,26.56,2.84,43.69,0.49,0.24,0.41,0,游리 medium
5,Coating,48.22,1.08,53.93,0.49,0.28,0.05,0,游릭 low
5,Coating,57.58,1.4,58.77,0.44,0.26,0.05,0,游릭 low
5,Coating,41.11,1.19,67.54,0.51,0.12,0.33,0,游리 medium
5,Coating,54.72,1.14,58.22,0.37,0.3,0.05,0,游릭 low
5,Coating,51.3,1.33,66.01,0.35,0.22,0.05,0,游릭 low
5,Packaging,22.86,1.01,40.54,0.3,0.3,0.05,0,游릭 low
5,Packaging,24.17,1.0,48.71,0.34,0.2,0.05,0,游릭 low
5,Packaging,22.06,1.08,41.75,0.44,0.24,0.05,0,游릭 low
5,Packaging,20.83,0.95,51.04,0.28,0.26,0.42,0,游리 medium
5,Packaging,21.86,1.0,46.82,0.49,0.2,0.05,0,游릭 low
6,Mixing,26.73,1.38,56.9,0.29,0.22,0.34,0,游리 medium
6,Mixing,26.26,1.34,53.84,0.34,0.13,0.29,0,游릭 low
6,Mixing,21.64,1.51,59.04,0.31,0.12,0.29,0,游릭 low
6,Mixing,24.33,1.03,53.45,0.59,0.14,0.31,0,游리 medium
6,Mixing,22.24,1.18,55.89,0.48,0.28,0.05,0,游릭 low
6,Granulation,40.93,2.12,49.43,0.42,0.16,0.59,1,游리 medium
6,Granulation,42.22,1.93,43.61,0.31,0.27,0.05,0,游릭 low
6,Granulation,37.16,2.03,54.98,0.59,0.21,0.37,0,游리 medium
6,Granulation,42.62,2.13,52.58,0.24,0.29,0.35,0,游리 medium
6,Granulation,39.81,1.73,50.97,0.2,0.15,0.79,1,游댮 high
6,Drying,78.38,1.22,7.58,0.57,0.14,0.4,0,游리 medium
6,Drying,67.35,0.99,8.81,0.48,0.22,0.05,0,游릭 low
6,Drying,63.3,1.32,3.51,0.33,0.26,0.26,0,游릭 low
6,Drying,59.82,1.33,11.05,0.57,0.26,0.31,0,游리 medium
6,Drying,60.05,1.09,15.22,0.55,0.16,0.67,1,游댮 high
6,Pressing,26.19,2.92,46.78,0.59,0.21,1.0,1,游댮 high
6,Pressing,30.68,2.45,39.11,0.24,0.31,0.28,0,游릭 low
6,Pressing,29.0,2.54,38.27,0.23,0.28,0.39,0,游리 medium
6,Pressing,25.94,2.71,40.36,0.58,0.12,0.89,1,游댮 high
6,Pressing,30.05,2.33,44.62,0.38,0.19,0.32,0,游리 medium
6,Coating,43.88,1.28,61.75,0.21,0.18,1.0,1,游댮 high
6,Coating,44.53,1.11,62.87,0.3,0.21,0.05,0,游릭 low
6,Coating,57.6,1.22,67.75,0.37,0.27,0.05,0,游릭 low
6,Coating,42.06,1.12,70.85,0.26,0.15,0.6,1,游댮 high
6,Coating,46.22,0.98,56.62,0.25,0.27,0.39,0,游리 medium
6,Packaging,20.25,0.98,56.04,0.52,0.13,0.26,0,游릭 low
6,Packaging,20.93,0.96,44.66,0.54,0.26,0.05,0,游릭 low
6,Packaging,24.18,0.95,50.22,0.27,0.21,0.38,0,游리 medium
6,Packaging,23.47,0.94,56.69,0.54,0.19,0.32,0,游리 medium
6,Packaging,23.29,1.02,39.36,0.39,0.09,0.33,0,游리 medium
7,Mixing,27.68,1.33,52.79,0.45,0.17,0.31,0,游리 medium
7,Mixing,22.95,1.01,57.66,0.53,0.13,0.41,0,游리 medium
7,Mixing,27.32,1.15,55.6,0.45,0.18,0.41,0,游리 medium
7,Mixing,26.13,1.24,52.07,0.46,0.17,0.39,0,游리 medium
7,Mixing,26.87,1.0,53.59,0.25,0.23,0.89,1,游댮 high
7,Granulation,35.87,2.05,51.1,0.44,0.17,0.55,1,游리 medium
7,Granulation,44.16,2.12,49.17,0.53,0.22,0.31,0,游리 medium
7,Granulation,42.7,2.12,44.46,0.22,0.2,0.66,1,游댮 high
7,Granulation,43.04,1.88,46.38,0.21,0.21,0.62,1,游댮 high
7,Granulation,41.7,2.19,52.59,0.55,0.23,0.05,0,游릭 low
7,Drying,63.51,1.16,6.7,0.56,0.27,0.36,0,游리 medium
7,Drying,78.35,1.26,13.23,0.48,0.18,0.33,0,游리 medium
7,Drying,73.59,1.01,14.7,0.43,0.21,0.05,0,游릭 low
7,Drying,66.13,1.34,9.45,0.55,0.13,0.36,0,游리 medium
7,Drying,69.01,1.06,10.26,0.29,0.22,0.34,0,游리 medium
7,Pressing,28.99,2.8,36.04,0.44,0.14,0.62,1,游댮 high
7,Pressing,27.43,2.41,47.47,0.46,0.21,0.05,0,游릭 low
7,Pressing,26.14,2.59,45.41,0.26,0.25,0.26,0,游릭 low
7,Pressing,28.98,2.6,51.71,0.21,0.18,0.58,1,游리 medium
7,Pressing,25.21,2.14,48.85,0.22,0.11,0.8,1,游댮 high
7,Coating,42.11,1.04,49.62,0.25,0.14,0.55,1,游리 medium
7,Coating,49.14,1.29,63.32,0.57,0.1,0.36,0,游리 medium
7,Coating,59.08,1.33,62.21,0.52,0.2,0.05,0,游릭 low
7,Coating,42.33,1.32,64.48,0.25,0.18,0.66,1,游댮 high
7,Coating,51.53,1.3,65.66,0.47,0.3,0.05,0,游릭 low
7,Packaging,22.24,1.02,46.71,0.48,0.26,0.05,0,游릭 low
7,Packaging,24.74,1.06,42.28,0.37,0.14,0.31,0,游리 medium
7,Packaging,20.4,1.01,52.52,0.46,0.24,0.05,0,游릭 low
7,Packaging,20.34,0.95,50.14,0.28,0.15,1.0,1,游댮 high
7,Packaging,22.77,1.1,60.64,0.46,0.12,0.43,0,游리 medium
8,Mixing,22.8,1.46,57.18,0.34,0.23,0.05,0,游릭 low
8,Mixing,26.21,1.26,57.36,0.39,0.15,0.38,0,游리 medium
8,Mixing,23.4,1.37,57.26,0.53,0.2,0.05,0,游릭 low
8,Mixing,23.12,1.46,51.2,0.54,0.21,0.05,0,游릭 low
8,Mixing,26.1,1.18,52.61,0.56,0.25,0.05,0,游릭 low
8,Granulation,39.61,1.7,42.75,0.39,0.24,0.05,0,游릭 low
8,Granulation,40.54,2.11,50.22,0.52,0.31,0.05,0,游릭 low
8,Granulation,44.8,1.71,50.63,0.55,0.29,0.05,0,游릭 low
8,Granulation,45.46,1.85,47.14,0.57,0.31,0.05,0,游릭 low
8,Granulation,38.5,1.63,47.99,0.43,0.15,0.75,1,游댮 high
8,Drying,73.44,1.14,7.9,0.27,0.28,0.27,0,游릭 low
8,Drying,75.13,1.29,7.15,0.31,0.23,0.05,0,游릭 low
8,Drying,60.44,1.0,5.38,0.27,0.25,0.61,1,游댮 high
8,Drying,62.49,1.07,9.98,0.5,0.19,0.7,1,游댮 high
8,Drying,73.82,1.23,12.31,0.53,0.12,0.37,0,游리 medium
8,Pressing,28.55,2.67,43.46,0.25,0.3,0.26,0,游릭 low
8,Pressing,26.57,2.49,47.35,0.39,0.14,0.37,0,游리 medium
8,Pressing,25.75,2.77,37.96,0.5,0.24,0.4,0,游리 medium
8,Pressing,26.15,2.81,34.28,0.43,0.16,0.8,1,游댮 high
8,Pressing,27.66,2.5,47.48,0.23,0.12,0.64,1,游댮 high
8,Coating,48.64,1.15,65.85,0.24,0.27,0.26,0,游릭 low
8,Coating,56.1,1.19,66.82,0.4,0.19,0.95,1,游댮 high
8,Coating,41.83,1.11,63.7,0.34,0.27,0.05,0,游릭 low
8,Coating,46.57,1.16,54.38,0.52,0.17,0.38,0,游리 medium
8,Coating,45.56,1.29,63.93,0.35,0.18,0.31,0,游리 medium
8,Packaging,20.8,0.94,49.67,0.52,0.3,0.05,0,游릭 low
8,Packaging,20.83,0.95,58.84,0.5,0.26,0.05,0,游릭 low
8,Packaging,25.23,1.0,52.51,0.2,0.31,0.31,0,游리 medium
8,Packaging,21.21,1.09,52.11,0.48,0.2,0.55,1,游리 medium
8,Packaging,22.95,1.06,38.3,0.42,0.13,0.41,0,游리 medium
9,Mixing,25.67,1.47,55.04,0.35,0.22,0.55,1,游리 medium
9,Mixing,26.77,1.34,55.72,0.28,0.27,0.4,0,游리 medium
9,Mixing,23.57,1.26,53.51,0.26,0.13,0.76,1,游댮 high
9,Mixing,23.19,1.41,57.65,0.31,0.26,0.05,0,游릭 low
9,Mixing,26.96,1.43,56.99,0.39,0.11,0.44,0,游리 medium
9,Granulation,42.6,1.94,46.97,0.39,0.23,0.05,0,游릭 low
9,Granulation,39.07,1.95,45.4,0.38,0.23,0.05,0,游릭 low
9,Granulation,41.31,1.56,55.72,0.51,0.19,0.75,1,游댮 high
9,Granulation,42.08,2.03,45.12,0.5,0.25,0.05,0,游릭 low
9,Granulation,43.39,1.74,55.87,0.21,0.16,1.0,1,游댮 high
9,Drying,73.62,1.01,11.41,0.56,0.21,0.05,0,游릭 low
9,Drying,79.07,1.16,12.9,0.27,0.29,0.43,0,游리 medium
9,Drying,75.13,1.03,3.52,0.33,0.22,0.05,0,游릭 low
9,Drying,67.82,1.3,10.43,0.24,0.1,0.8,1,游댮 high
9,Drying,78.2,1.07,8.75,0.37,0.13,0.45,0,游리 medium
9,Pressing,28.73,1.97,45.87,0.19,0.24,0.26,0,游릭 low
9,Pressing,26.19,2.82,38.23,0.29,0.12,1.0,1,游댮 high
9,Pressing,29.46,2.88,41.55,0.54,0.14,0.77,1,游댮 high
9,Pressing,25.08,2.45,41.03,0.29,0.21,0.37,0,游리 medium
9,Pressing,27.59,2.55,39.44,0.34,0.17,0.37,0,游리 medium
9,Coating,56.8,1.39,50.86,0.31,0.13,0.37,0,游리 medium
9,Coating,52.38,1.15,67.05,0.56,0.27,0.05,0,游릭 low
9,Coating,42.45,1.01,64.25,0.27,0.15,0.66,1,游댮 high
9,Coating,44.22,1.27,52.21,0.24,0.21,0.33,0,游리 medium
9,Coating,49.17,1.04,58.71,0.23,0.27,0.3,0,游리 medium
9,Packaging,24.36,1.03,50.24,0.28,0.2,0.34,0,游리 medium
9,Packaging,23.88,1.07,51.52,0.46,0.25,0.05,0,游릭 low
9,Packaging,23.35,0.96,41.81,0.26,0.18,0.65,1,游댮 high
9,Packaging,25.2,0.9,42.32,0.38,0.13,0.35,0,游리 medium
9,Packaging,23.27,0.91,45.63,0.32,0.25,0.05,0,游릭 low
10,Mixing,24.65,1.28,60.88,0.44,0.13,0.28,0,游릭 low
10,Mixing,25.74,1.16,52.8,0.27,0.18,0.7,1,游댮 high
10,Mixing,26.04,1.32,48.69,0.56,0.12,0.38,0,游리 medium
10,Mixing,24.57,1.03,55.63,0.49,0.1,0.93,1,游댮 high
10,Mixing,26.43,1.19,58.21,0.58,0.24,0.05,0,游릭 low
10,Granulation,43.19,1.45,49.79,0.23,0.29,0.39,0,游리 medium
10,Granulation,43.25,1.6,45.8,0.38,0.27,0.05,0,游릭 low
10,Granulation,43.25,1.54,50.12,0.46,0.27,0.05,0,游릭 low
10,Granulation,42.57,1.79,39.95,0.55,0.12,0.57,1,游리 medium
10,Granulation,42.29,1.96,49.21,0.26,0.23,0.41,0,游리 medium
10,Drying,79.74,1.18,11.66,0.3,0.27,0.05,0,游릭 low
10,Drying,64.3,1.09,6.98,0.41,0.29,0.5,1,游리 medium
10,Drying,62.96,1.14,12.16,0.54,0.28,0.38,0,游리 medium
10,Drying,76.64,1.05,7.38,0.37,0.12,0.91,1,游댮 high
10,Drying,71.82,1.21,13.29,0.5,0.3,0.05,0,游릭 low
10,Pressing,29.0,2.44,39.6,0.38,0.18,0.36,0,游리 medium
10,Pressing,30.0,2.95,43.81,0.26,0.14,1.0,1,游댮 high
10,Pressing,26.89,3.03,45.0,0.45,0.15,0.75,1,游댮 high
10,Pressing,28.53,2.68,43.4,0.3,0.13,0.27,0,游릭 low
10,Pressing,26.65,2.44,38.51,0.43,0.16,0.38,0,游리 medium
10,Coating,49.01,1.28,51.26,0.44,0.13,0.35,0,游리 medium
10,Coating,51.65,0.99,64.05,0.6,0.11,0.27,0,游릭 low
10,Coating,57.56,1.17,61.48,0.31,0.24,0.05,0,游릭 low
10,Coating,45.84,1.18,63.82,0.23,0.3,0.3,0,游리 medium
10,Coating,42.3,1.03,69.5,0.33,0.28,0.05,0,游릭 low
10,Packaging,23.56,1.09,54.48,0.35,0.26,0.05,0,游릭 low
10,Packaging,23.58,1.1,56.05,0.21,0.13,0.58,1,游리 medium
10,Packaging,24.26,0.94,41.72,0.39,0.12,0.41,0,游리 medium
10,Packaging,22.41,1.05,48.23,0.45,0.17,0.4,0,游리 medium
10,Packaging,24.43,0.91,39.83,0.48,0.23,0.05,0,游릭 low
11,Mixing,24.35,1.4,55.2,0.22,0.23,0.4,0,游리 medium
11,Mixing,26.5,1.26,51.82,0.51,0.24,0.05,0,游릭 low
11,Mixing,27.78,1.21,49.51,0.32,0.27,0.05,0,游릭 low
11,Mixing,26.43,1.12,56.73,0.42,0.1,0.35,0,游리 medium
11,Mixing,23.14,1.25,52.42,0.23,0.22,0.3,0,游리 medium
11,Granulation,41.94,2.25,43.55,0.35,0.25,0.05,0,游릭 low
11,Granulation,43.95,1.66,49.32,0.38,0.11,0.55,1,游리 medium
11,Granulation,37.66,2.14,53.61,0.27,0.25,0.38,0,游리 medium
11,Granulation,35.75,1.95,44.46,0.28,0.27,0.44,0,游리 medium
11,Granulation,41.08,2.07,51.61,0.44,0.16,1.0,1,游댮 high
11,Drying,60.78,1.1,4.1,0.3,0.12,1.0,1,游댮 high
11,Drying,62.01,1.2,5.31,0.48,0.23,0.51,1,游리 medium
11,Drying,75.88,1.25,4.51,0.57,0.26,0.05,0,游릭 low
11,Drying,74.4,1.1,5.03,0.27,0.19,0.73,1,游댮 high
11,Drying,59.96,0.96,13.27,0.55,0.22,0.38,0,游리 medium
11,Pressing,24.69,2.54,43.97,0.42,0.29,0.05,0,游릭 low
11,Pressing,26.51,2.71,49.13,0.44,0.18,0.61,1,游댮 high
11,Pressing,29.23,2.18,48.05,0.36,0.09,0.33,0,游리 medium
11,Pressing,26.49,2.42,46.27,0.55,0.21,0.05,0,游릭 low
11,Pressing,26.69,2.44,41.73,0.27,0.15,1.0,1,游댮 high
11,Coating,59.43,1.11,69.4,0.37,0.24,0.05,0,游릭 low
11,Coating,44.87,1.35,50.99,0.4,0.19,0.8,1,游댮 high
11,Coating,41.45,1.35,65.68,0.49,0.24,0.05,0,游릭 low
11,Coating,45.22,1.23,49.92,0.43,0.24,0.05,0,游릭 low
11,Coating,57.16,1.05,58.68,0.21,0.24,0.4,0,游리 medium
11,Packaging,21.27,0.97,54.6,0.22,0.17,0.81,1,游댮 high
11,Packaging,23.69,0.93,39.28,0.52,0.25,0.05,0,游릭 low
11,Packaging,22.25,1.03,40.91,0.51,0.21,0.55,1,游리 medium
11,Packaging,22.6,1.06,49.35,0.22,0.26,0.79,1,游댮 high
11,Packaging,21.8,1.01,55.51,0.55,0.22,0.55,1,游리 medium
12,Mixing,23.69,1.44,48.69,0.3,0.21,0.05,0,游릭 low
12,Mixing,25.16,1.06,59.91,0.6,0.12,0.86,1,游댮 high
12,Mixing,25.56,1.18,48.55,0.49,0.16,0.39,0,游리 medium
12,Mixing,22.88,1.14,52.16,0.56,0.22,0.05,0,游릭 low
12,Mixing,27.83,1.14,54.23,0.47,0.23,0.05,0,游릭 low
12,Granulation,43.76,1.88,42.89,0.41,0.09,0.75,1,游댮 high
12,Granulation,40.35,1.7,53.66,0.47,0.31,0.05,0,游릭 low
12,Granulation,40.19,2.11,41.98,0.49,0.16,0.66,1,游댮 high
12,Granulation,40.55,1.86,51.31,0.55,0.17,1.0,1,游댮 high
12,Granulation,35.95,1.79,46.07,0.46,0.24,0.05,0,游릭 low
12,Drying,71.0,1.21,15.42,0.38,0.13,0.76,1,游댮 high
12,Drying,68.82,1.33,4.91,0.37,0.25,0.05,0,游릭 low
12,Drying,68.23,0.97,12.26,0.37,0.23,0.55,1,游리 medium
12,Drying,71.47,1.1,4.68,0.34,0.08,0.44,0,游리 medium
12,Drying,74.74,1.17,9.47,0.38,0.31,0.05,0,游릭 low
12,Pressing,25.38,1.98,42.07,0.54,0.23,0.05,0,游릭 low
12,Pressing,27.46,2.46,44.95,0.21,0.24,0.45,0,游리 medium
12,Pressing,25.12,2.93,46.58,0.48,0.24,0.36,0,游리 medium
12,Pressing,25.08,2.43,39.73,0.56,0.18,0.42,0,游리 medium
12,Pressing,27.69,2.76,39.6,0.26,0.32,1.0,1,游댮 high
12,Coating,48.81,1.2,48.44,0.51,0.16,0.3,0,游리 medium
12,Coating,47.31,1.41,60.48,0.35,0.18,0.39,0,游리 medium
12,Coating,58.81,1.33,64.06,0.51,0.27,0.05,0,游릭 low
12,Coating,41.93,1.3,53.62,0.23,0.21,0.34,0,游리 medium
12,Coating,41.98,1.11,66.7,0.31,0.29,0.05,0,游릭 low
12,Packaging,22.04,1.01,53.03,0.6,0.21,0.55,1,游리 medium
12,Packaging,21.9,1.0,44.8,0.29,0.22,0.25,0,游릭 low
12,Packaging,24.48,1.02,53.51,0.25,0.27,0.25,0,游릭 low
12,Packaging,20.14,0.92,49.74,0.47,0.28,0.55,1,游리 medium
12,Packaging,20.68,1.01,52.82,0.24,0.27,0.41,0,游리 medium
13,Mixing,24.92,1.14,53.8,0.41,0.24,0.55,1,游리 medium
13,Mixing,27.62,1.06,50.7,0.45,0.15,0.29,0,游릭 low
13,Mixing,24.67,1.3,55.28,0.51,0.14,0.32,0,游리 medium
13,Mixing,25.41,1.43,57.85,0.44,0.13,0.28,0,游릭 low
13,Mixing,21.98,1.24,56.78,0.5,0.29,0.05,0,游릭 low
13,Granulation,40.7,1.91,50.13,0.29,0.24,0.27,0,游릭 low
13,Granulation,44.12,1.69,42.42,0.38,0.1,0.65,1,游댮 high
13,Granulation,42.34,1.98,50.88,0.43,0.14,0.66,1,游댮 high
13,Granulation,41.5,1.71,40.07,0.42,0.12,0.74,1,游댮 high
13,Granulation,36.25,1.76,51.86,0.59,0.23,0.05,0,游릭 low
13,Drying,75.9,1.26,7.43,0.35,0.13,0.4,0,游리 medium
13,Drying,64.71,1.34,11.29,0.37,0.28,0.29,0,游릭 low
13,Drying,67.04,1.03,6.29,0.55,0.15,0.94,1,游댮 high
13,Drying,68.98,1.28,12.47,0.38,0.25,0.55,1,游리 medium
13,Drying,67.14,1.18,5.85,0.27,0.25,0.32,0,游리 medium
13,Pressing,26.46,2.41,51.54,0.37,0.29,0.05,0,游릭 low
13,Pressing,26.44,2.33,44.95,0.22,0.26,0.26,0,游릭 low
13,Pressing,27.84,2.83,39.42,0.55,0.17,0.82,1,游댮 high
13,Pressing,28.52,2.98,44.84,0.36,0.23,0.59,1,游리 medium
13,Pressing,24.68,2.07,39.4,0.21,0.27,0.29,0,游릭 low
13,Coating,48.44,1.16,71.92,0.31,0.21,0.05,0,游릭 low
13,Coating,56.87,1.02,51.91,0.47,0.22,0.05,0,游릭 low
13,Coating,46.44,1.15,54.7,0.38,0.16,0.4,0,游리 medium
13,Coating,58.93,0.96,59.96,0.45,0.2,0.05,0,游릭 low
13,Coating,55.42,0.97,61.73,0.32,0.23,0.05,0,游릭 low
13,Packaging,20.27,0.92,51.48,0.39,0.25,0.05,0,游릭 low
13,Packaging,24.07,1.05,40.75,0.51,0.19,0.83,1,游댮 high
13,Packaging,22.68,0.92,52.6,0.27,0.17,0.66,1,游댮 high
13,Packaging,23.75,1.0,57.32,0.23,0.19,0.69,1,游댮 high
13,Packaging,20.42,1.01,46.9,0.51,0.12,0.39,0,游리 medium
14,Mixing,25.77,1.08,53.78,0.25,0.16,0.65,1,游댮 high
14,Mixing,23.01,1.39,53.34,0.54,0.16,0.35,0,游리 medium
14,Mixing,27.36,1.31,52.11,0.57,0.21,0.05,0,游릭 low
14,Mixing,24.43,1.3,55.21,0.57,0.29,0.05,0,游릭 low
14,Mixing,26.51,1.09,53.26,0.35,0.16,0.4,0,游리 medium
14,Granulation,42.5,1.72,46.82,0.36,0.2,0.31,0,游리 medium
14,Granulation,44.53,1.88,54.66,0.28,0.13,0.93,1,游댮 high
14,Granulation,35.62,1.74,53.5,0.48,0.13,0.71,1,游댮 high
14,Granulation,39.7,2.08,49.53,0.51,0.25,0.05,0,游릭 low
14,Granulation,36.34,2.04,50.54,0.45,0.21,0.27,0,游릭 low
14,Drying,70.68,1.25,7.13,0.44,0.28,0.05,0,游릭 low
14,Drying,63.48,1.12,16.16,0.56,0.17,1.0,1,游댮 high
14,Drying,69.18,1.13,7.51,0.23,0.27,0.44,0,游리 medium
14,Drying,63.55,1.09,13.01,0.19,0.17,1.0,1,游댮 high
14,Drying,67.41,1.22,2.56,0.41,0.15,0.35,0,游리 medium
14,Pressing,25.44,2.31,36.47,0.33,0.13,0.32,0,游리 medium
14,Pressing,29.45,2.45,47.9,0.46,0.15,0.33,0,游리 medium
14,Pressing,26.3,2.92,49.19,0.45,0.12,0.66,1,游댮 high
14,Pressing,29.13,2.26,43.33,0.27,0.3,0.37,0,游리 medium
14,Pressing,26.75,2.78,38.67,0.34,0.23,0.45,0,游리 medium
14,Coating,44.81,1.24,53.73,0.36,0.13,0.45,0,游리 medium
14,Coating,56.63,1.25,62.31,0.26,0.15,0.72,1,游댮 high
14,Coating,42.97,1.1,52.0,0.4,0.29,0.05,0,游릭 low
14,Coating,52.89,1.15,57.62,0.31,0.15,0.35,0,游리 medium
14,Coating,59.53,1.11,54.01,0.24,0.27,0.34,0,游리 medium
14,Packaging,23.42,1.01,48.96,0.36,0.26,0.05,0,游릭 low
14,Packaging,20.74,1.0,50.98,0.22,0.25,0.38,0,游리 medium
14,Packaging,20.31,0.97,46.01,0.24,0.23,0.26,0,游릭 low
14,Packaging,22.84,0.96,41.62,0.24,0.28,0.35,0,游리 medium
14,Packaging,19.4,1.1,40.3,0.26,0.25,0.27,0,游릭 low
15,Mixing,27.4,1.04,47.84,0.35,0.29,0.05,0,游릭 low
15,Mixing,25.89,1.2,56.36,0.48,0.23,0.05,0,游릭 low
15,Mixing,23.53,1.01,52.02,0.44,0.09,0.31,0,游리 medium
15,Mixing,22.3,1.33,55.56,0.48,0.17,0.25,0,游릭 low
15,Mixing,24.11,1.48,53.53,0.22,0.13,0.59,1,游리 medium
15,Granulation,41.73,1.87,50.73,0.5,0.31,0.05,0,游릭 low
15,Granulation,40.6,1.9,47.31,0.19,0.25,0.42,0,游리 medium
15,Granulation,44.56,1.81,37.76,0.41,0.22,0.85,1,游댮 high
15,Granulation,38.06,1.69,49.7,0.48,0.27,0.05,0,游릭 low
15,Granulation,36.43,1.87,42.19,0.43,0.12,0.77,1,游댮 high
15,Drying,61.05,1.22,15.82,0.57,0.15,0.72,1,游댮 high
15,Drying,68.63,1.3,8.96,0.54,0.2,0.05,0,游릭 low
15,Drying,79.28,1.2,6.03,0.35,0.23,0.05,0,游릭 low
15,Drying,68.75,1.35,8.79,0.26,0.17,0.55,1,游리 medium
15,Drying,78.46,1.26,12.58,0.45,0.28,0.05,0,游릭 low
15,Pressing,30.33,2.19,40.34,0.5,0.25,0.05,0,游릭 low
15,Pressing,27.82,2.52,39.05,0.3,0.2,0.05,0,游릭 low
15,Pressing,28.36,2.19,47.94,0.44,0.27,0.05,0,游릭 low
15,Pressing,29.43,2.38,47.87,0.21,0.12,0.55,1,游리 medium
15,Pressing,27.36,2.25,42.26,0.4,0.26,0.55,1,游리 medium
15,Coating,59.61,1.03,55.23,0.37,0.28,0.05,0,游릭 low
15,Coating,42.08,1.32,52.32,0.35,0.28,0.05,0,游릭 low
15,Coating,40.38,1.14,61.84,0.4,0.19,0.25,0,游릭 low
15,Coating,55.75,1.26,58.23,0.59,0.23,0.05,0,游릭 low
15,Coating,44.42,1.27,65.9,0.59,0.26,0.05,0,游릭 low
15,Packaging,24.33,1.01,43.81,0.53,0.31,0.55,1,游리 medium
15,Packaging,20.12,0.94,41.77,0.44,0.18,0.36,0,游리 medium
15,Packaging,24.16,1.09,42.27,0.51,0.15,0.27,0,游릭 low
15,Packaging,21.65,0.92,58.64,0.34,0.12,0.28,0,游릭 low
15,Packaging,20.25,1.01,53.09,0.3,0.21,0.05,0,游릭 low
16,Mixing,21.42,1.05,52.58,0.51,0.28,0.05,0,游릭 low
16,Mixing,26.88,1.31,58.13,0.48,0.23,0.05,0,游릭 low
16,Mixing,26.11,1.55,50.38,0.54,0.18,0.35,0,游리 medium
16,Mixing,24.83,1.03,53.04,0.47,0.25,0.05,0,游릭 low
16,Mixing,25.87,1.39,48.09,0.52,0.17,0.41,0,游리 medium
16,Granulation,42.15,2.0,46.15,0.26,0.21,0.65,1,游댮 high
16,Granulation,36.57,2.16,50.04,0.57,0.19,0.73,1,游댮 high
16,Granulation,37.79,1.75,56.27,0.25,0.12,0.96,1,游댮 high
16,Granulation,40.45,1.72,42.76,0.38,0.13,0.78,1,游댮 high
16,Granulation,41.51,1.9,50.29,0.49,0.24,0.55,1,游리 medium
16,Drying,63.53,1.15,15.57,0.55,0.22,0.32,0,游리 medium
16,Drying,72.84,1.03,16.67,0.47,0.19,0.36,0,游리 medium
16,Drying,66.31,1.38,9.82,0.19,0.26,0.38,0,游리 medium
16,Drying,74.13,1.09,11.26,0.27,0.19,0.65,1,游댮 high
16,Drying,66.43,1.12,5.6,0.22,0.16,0.63,1,游댮 high
16,Pressing,27.53,2.41,38.58,0.4,0.27,0.05,0,游릭 low
16,Pressing,28.59,2.02,39.36,0.28,0.16,1.0,1,游댮 high
16,Pressing,24.83,2.11,48.41,0.33,0.26,0.05,0,游릭 low
16,Pressing,27.96,2.11,47.0,0.21,0.13,0.58,1,游리 medium
16,Pressing,26.81,2.46,42.82,0.54,0.16,0.34,0,游리 medium
16,Coating,51.87,1.41,58.42,0.36,0.27,0.05,0,游릭 low
16,Coating,56.44,1.05,52.67,0.25,0.18,0.7,1,游댮 high
16,Coating,51.34,1.25,50.28,0.45,0.2,0.05,0,游릭 low
16,Coating,49.83,1.38,55.88,0.44,0.28,0.55,1,游리 medium
16,Coating,58.58,1.22,54.37,0.53,0.13,0.26,0,游릭 low
16,Packaging,22.43,1.07,56.67,0.4,0.19,0.42,0,游리 medium
16,Packaging,23.53,0.98,59.54,0.54,0.25,0.05,0,游릭 low
16,Packaging,22.31,0.99,62.38,0.43,0.24,0.05,0,游릭 low
16,Packaging,22.67,1.1,40.56,0.35,0.22,0.05,0,游릭 low
16,Packaging,20.36,1.03,41.23,0.23,0.19,0.62,1,游댮 high
17,Mixing,22.83,1.34,51.04,0.45,0.11,0.45,0,游리 medium
17,Mixing,27.24,1.33,50.9,0.57,0.24,0.05,0,游릭 low
17,Mixing,26.36,1.41,51.76,0.51,0.12,0.35,0,游리 medium
17,Mixing,22.26,1.36,55.02,0.4,0.28,0.05,0,游릭 low
17,Mixing,24.98,1.13,53.02,0.59,0.15,0.34,0,游리 medium
17,Granulation,41.1,2.03,41.87,0.56,0.18,0.48,0,游리 medium
17,Granulation,40.62,1.89,48.78,0.58,0.19,0.73,1,游댮 high
17,Granulation,41.56,2.03,55.37,0.57,0.18,0.7,1,游댮 high
17,Granulation,40.54,1.76,49.26,0.31,0.14,0.63,1,游댮 high
17,Granulation,36.83,2.02,41.47,0.41,0.09,1.0,1,游댮 high
17,Drying,75.32,1.16,13.65,0.48,0.26,0.05,0,游릭 low
17,Drying,61.84,1.18,13.01,0.3,0.27,0.44,0,游리 medium
17,Drying,64.79,1.15,9.54,0.6,0.21,0.54,1,游리 medium
17,Drying,76.23,1.23,7.74,0.56,0.17,0.36,0,游리 medium
17,Drying,62.65,1.16,10.92,0.52,0.15,0.71,1,游댮 high
17,Pressing,29.29,2.1,38.1,0.33,0.15,0.4,0,游리 medium
17,Pressing,25.42,2.42,46.25,0.22,0.24,0.84,1,游댮 high
17,Pressing,25.51,2.59,39.48,0.22,0.18,0.71,1,游댮 high
17,Pressing,27.17,2.23,37.56,0.24,0.17,0.82,1,游댮 high
17,Pressing,29.15,2.91,44.63,0.42,0.28,0.44,0,游리 medium
17,Coating,56.69,1.03,67.21,0.2,0.27,0.27,0,游릭 low
17,Coating,58.44,1.36,64.65,0.38,0.27,0.05,0,游릭 low
17,Coating,56.43,1.11,63.98,0.25,0.21,0.32,0,游리 medium
17,Coating,52.25,1.03,51.24,0.24,0.14,0.72,1,游댮 high
17,Coating,45.38,1.09,62.84,0.33,0.12,0.38,0,游리 medium
17,Packaging,20.19,0.98,46.89,0.58,0.22,0.05,0,游릭 low
17,Packaging,22.85,1.1,52.69,0.57,0.22,0.05,0,游릭 low
17,Packaging,25.59,1.1,55.14,0.4,0.28,0.55,1,游리 medium
17,Packaging,24.96,1.08,38.62,0.24,0.16,0.69,1,游댮 high
17,Packaging,25.13,1.02,57.35,0.4,0.18,0.28,0,游릭 low
18,Mixing,26.77,1.11,50.12,0.26,0.26,0.26,0,游릭 low
18,Mixing,23.62,1.36,59.78,0.58,0.12,0.41,0,游리 medium
18,Mixing,26.87,1.21,52.17,0.32,0.2,0.05,0,游릭 low
18,Mixing,24.93,1.28,51.48,0.38,0.19,0.41,0,游리 medium
18,Mixing,24.03,1.15,53.02,0.43,0.11,0.28,0,游릭 low
18,Granulation,38.09,2.1,48.58,0.37,0.32,0.05,0,游릭 low
18,Granulation,45.84,1.79,49.26,0.24,0.28,0.37,0,游리 medium
18,Granulation,36.45,1.62,42.63,0.45,0.11,0.78,1,游댮 high
18,Granulation,38.93,1.91,50.41,0.48,0.26,0.05,0,游릭 low
18,Granulation,36.91,2.04,44.98,0.32,0.21,0.42,0,游리 medium
18,Drying,79.17,1.07,13.13,0.56,0.13,0.87,1,游댮 high
18,Drying,77.13,1.22,11.46,0.48,0.16,0.92,1,游댮 high
18,Drying,77.1,1.27,10.06,0.41,0.2,0.05,0,游릭 low
18,Drying,60.67,1.28,2.75,0.44,0.27,0.49,0,游리 medium
18,Drying,69.78,1.14,6.72,0.42,0.12,0.34,0,游리 medium
18,Pressing,25.17,2.35,43.51,0.53,0.27,0.05,0,游릭 low
18,Pressing,24.3,2.14,38.66,0.49,0.23,0.05,0,游릭 low
18,Pressing,27.79,2.82,51.58,0.32,0.24,0.6,1,游댮 high
18,Pressing,25.74,2.5,51.36,0.48,0.25,0.05,0,游릭 low
18,Pressing,24.61,2.75,38.16,0.44,0.15,0.82,1,游댮 high
18,Coating,51.18,1.08,64.82,0.57,0.22,0.05,0,游릭 low
18,Coating,49.99,1.16,53.67,0.51,0.12,0.36,0,游리 medium
18,Coating,45.8,1.21,55.55,0.2,0.18,0.74,1,游댮 high
18,Coating,44.57,1.23,61.52,0.47,0.26,0.05,0,游릭 low
18,Coating,53.95,1.14,71.83,0.45,0.13,0.45,0,游리 medium
18,Packaging,23.13,0.95,45.94,0.42,0.19,0.25,0,游릭 low
18,Packaging,21.17,1.05,49.87,0.26,0.3,0.41,0,游리 medium
18,Packaging,21.27,0.98,49.35,0.45,0.13,0.31,0,游리 medium
18,Packaging,24.48,1.0,51.9,0.21,0.25,0.43,0,游리 medium
18,Packaging,21.1,0.95,51.01,0.44,0.22,0.05,0,游릭 low
19,Mixing,28.16,1.34,56.03,0.49,0.3,0.05,0,游릭 low
19,Mixing,22.76,1.14,57.34,0.34,0.12,0.28,0,游릭 low
19,Mixing,27.79,1.21,57.94,0.51,0.18,0.25,0,游릭 low
19,Mixing,26.53,1.03,58.17,0.43,0.13,0.3,0,游리 medium
19,Mixing,23.89,1.13,49.42,0.37,0.26,0.55,1,游리 medium
19,Granulation,34.81,2.09,40.07,0.57,0.14,0.5,1,游리 medium
19,Granulation,39.72,1.72,49.68,0.5,0.09,0.74,1,游댮 high
19,Granulation,35.94,1.75,46.22,0.44,0.31,0.05,0,游릭 low
19,Granulation,39.5,1.79,56.39,0.45,0.27,0.05,0,游릭 low
19,Granulation,40.08,1.61,38.06,0.58,0.22,0.32,0,游리 medium
19,Drying,64.29,1.2,13.13,0.24,0.18,0.71,1,游댮 high
19,Drying,68.86,1.31,6.06,0.23,0.21,0.42,0,游리 medium
19,Drying,70.26,0.93,7.02,0.22,0.27,0.36,0,游리 medium
19,Drying,70.76,1.25,10.35,0.2,0.29,0.34,0,游리 medium
19,Drying,72.55,1.22,10.21,0.28,0.28,0.26,0,游릭 low
19,Pressing,27.1,2.12,38.72,0.59,0.24,0.05,0,游릭 low
19,Pressing,28.9,2.52,36.83,0.52,0.11,0.3,0,游리 medium
19,Pressing,25.33,3.05,37.92,0.53,0.26,0.38,0,游리 medium
19,Pressing,27.79,2.44,45.09,0.3,0.27,0.05,0,游릭 low
19,Pressing,30.46,2.17,43.48,0.46,0.23,0.05,0,游릭 low
19,Coating,55.19,1.4,65.43,0.31,0.24,0.05,0,游릭 low
19,Coating,51.08,1.24,53.35,0.21,0.15,0.61,1,游댮 high
19,Coating,46.49,1.29,54.14,0.39,0.28,0.05,0,游릭 low
19,Coating,54.87,1.27,66.08,0.53,0.27,0.05,0,游릭 low
19,Coating,43.86,1.13,67.78,0.31,0.2,0.05,0,游릭 low
19,Packaging,23.62,0.9,49.03,0.48,0.3,0.05,0,游릭 low
19,Packaging,21.81,1.1,45.98,0.32,0.3,0.05,0,游릭 low
19,Packaging,22.65,1.06,48.4,0.58,0.09,0.35,0,游리 medium
19,Packaging,22.36,0.91,42.53,0.35,0.25,0.05,0,游릭 low
19,Packaging,25.02,0.91,45.77,0.57,0.14,0.29,0,游릭 low
20,Mixing,24.85,1.44,52.02,0.48,0.15,0.38,0,游리 medium
20,Mixing,25.98,1.24,53.02,0.24,0.27,0.31,0,游리 medium
20,Mixing,25.08,1.38,58.05,0.48,0.13,0.39,0,游리 medium
20,Mixing,25.47,1.19,54.53,0.26,0.22,0.44,0,游리 medium
20,Mixing,28.35,1.39,56.81,0.46,0.23,0.05,0,游릭 low
20,Granulation,36.28,1.72,54.57,0.41,0.3,0.05,0,游릭 low
20,Granulation,36.74,1.67,41.42,0.2,0.12,0.93,1,游댮 high
20,Granulation,41.91,1.57,44.73,0.39,0.12,0.71,1,游댮 high
20,Granulation,40.69,2.13,49.37,0.42,0.23,0.05,0,游릭 low
20,Granulation,42.73,1.76,43.19,0.36,0.1,0.64,1,游댮 high
20,Drying,64.85,1.12,10.61,0.2,0.27,0.6,1,游댮 high
20,Drying,63.87,1.14,8.89,0.27,0.16,1.0,1,游댮 high
20,Drying,73.55,1.23,7.16,0.61,0.19,0.31,0,游리 medium
20,Drying,60.85,1.27,10.98,0.52,0.26,0.53,1,游리 medium
20,Drying,63.68,0.97,11.56,0.58,0.21,0.26,0,游릭 low
20,Pressing,28.77,2.18,36.58,0.48,0.27,0.05,0,游릭 low
20,Pressing,24.99,2.95,37.55,0.5,0.19,0.87,1,游댮 high
20,Pressing,28.26,2.64,39.44,0.52,0.15,0.33,0,游리 medium
20,Pressing,27.66,2.26,37.1,0.51,0.29,0.05,0,游릭 low
20,Pressing,27.18,2.92,35.9,0.23,0.19,1.0,1,游댮 high
20,Coating,44.51,1.35,63.9,0.24,0.18,0.57,1,游리 medium
20,Coating,55.99,1.06,64.3,0.35,0.18,0.39,0,游리 medium
20,Coating,40.0,1.03,57.25,0.53,0.13,0.3,0,游리 medium
20,Coating,51.63,1.29,60.27,0.49,0.27,0.05,0,游릭 low
20,Coating,54.75,1.0,68.5,0.58,0.13,0.35,0,游리 medium
20,Packaging,21.36,0.99,42.12,0.31,0.15,0.27,0,游릭 low
20,Packaging,20.32,0.96,50.91,0.35,0.17,0.31,0,游리 medium
20,Packaging,22.02,1.0,41.81,0.22,0.22,0.29,0,游릭 low
20,Packaging,21.14,1.03,48.33,0.51,0.21,0.05,0,游릭 low
20,Packaging,24.08,0.91,49.09,0.39,0.18,0.34,0,游리 medium
21,Mixing,25.17,1.31,49.78,0.54,0.28,0.05,0,游릭 low
21,Mixing,24.39,1.2,59.05,0.48,0.12,0.3,0,游리 medium
21,Mixing,25.65,1.18,51.93,0.48,0.11,0.31,0,游리 medium
21,Mixing,23.54,1.42,51.94,0.25,0.23,0.28,0,游릭 low
21,Mixing,24.22,1.56,60.31,0.31,0.18,0.3,0,游리 medium
21,Granulation,42.15,1.91,53.15,0.47,0.22,0.43,0,游리 medium
21,Granulation,45.34,1.65,48.28,0.3,0.23,0.05,0,游릭 low
21,Granulation,39.89,1.47,52.7,0.26,0.11,0.96,1,游댮 high
21,Granulation,42.74,1.88,52.13,0.49,0.24,0.05,0,游릭 low
21,Granulation,40.77,1.88,43.29,0.31,0.14,0.7,1,游댮 high
21,Drying,71.08,1.34,8.89,0.27,0.25,0.44,0,游리 medium
21,Drying,70.99,1.21,6.7,0.57,0.23,0.05,0,游릭 low
21,Drying,73.28,1.18,10.4,0.32,0.16,0.26,0,游릭 low
21,Drying,67.79,1.19,12.37,0.32,0.21,0.05,0,游릭 low
21,Drying,73.48,1.2,12.8,0.45,0.23,0.05,0,游릭 low
21,Pressing,28.12,2.35,37.42,0.58,0.11,0.3,0,游리 medium
21,Pressing,26.1,2.78,36.21,0.43,0.23,0.46,0,游리 medium
21,Pressing,26.36,2.28,43.56,0.55,0.11,0.33,0,游리 medium
21,Pressing,26.88,2.56,38.19,0.52,0.22,0.55,1,游리 medium
21,Pressing,25.16,2.55,35.91,0.4,0.22,0.05,0,游릭 low
21,Coating,44.94,1.06,53.85,0.21,0.25,0.36,0,游리 medium
21,Coating,53.22,1.26,51.3,0.36,0.18,0.38,0,游리 medium
21,Coating,53.36,1.26,51.09,0.26,0.17,0.64,1,游댮 high
21,Coating,49.79,1.01,61.95,0.51,0.28,0.05,0,游릭 low
21,Coating,47.86,1.14,63.22,0.56,0.21,0.05,0,游릭 low
21,Packaging,23.08,1.04,58.13,0.34,0.23,0.55,1,游리 medium
21,Packaging,23.87,0.98,50.58,0.59,0.1,0.3,0,游리 medium
21,Packaging,21.18,1.07,45.05,0.54,0.17,0.39,0,游리 medium
21,Packaging,20.92,1.06,45.02,0.47,0.23,0.05,0,游릭 low
21,Packaging,24.04,0.94,50.46,0.55,0.11,0.28,0,游릭 low
22,Mixing,25.24,1.02,56.59,0.29,0.22,0.39,0,游리 medium
22,Mixing,25.01,1.15,56.93,0.41,0.28,0.05,0,游릭 low
22,Mixing,25.88,1.42,54.34,0.47,0.16,0.3,0,游리 medium
22,Mixing,26.86,1.07,52.32,0.47,0.18,0.33,0,游리 medium
22,Mixing,26.95,1.36,57.05,0.43,0.28,0.05,0,游릭 low
22,Granulation,39.21,2.19,41.33,0.45,0.21,0.33,0,游리 medium
22,Granulation,45.86,1.56,53.88,0.5,0.22,0.36,0,游리 medium
22,Granulation,42.13,1.96,47.97,0.58,0.12,0.68,1,游댮 high
22,Granulation,37.32,2.1,48.61,0.25,0.16,0.92,1,游댮 high
22,Granulation,37.29,1.75,48.85,0.29,0.2,0.69,1,游댮 high
22,Drying,78.35,1.2,13.83,0.43,0.23,0.05,0,游릭 low
22,Drying,71.33,1.18,16.06,0.37,0.16,0.43,0,游리 medium
22,Drying,78.8,1.12,4.81,0.21,0.25,0.44,0,游리 medium
22,Drying,71.91,1.27,9.4,0.3,0.19,0.94,1,游댮 high
22,Drying,66.99,1.36,11.26,0.31,0.23,0.05,0,游릭 low
22,Pressing,24.94,2.94,42.3,0.45,0.12,0.75,1,游댮 high
22,Pressing,27.77,2.79,37.86,0.4,0.25,0.35,0,游리 medium
22,Pressing,27.48,2.94,33.44,0.38,0.19,0.8,1,游댮 high
22,Pressing,28.63,2.62,42.73,0.36,0.16,0.39,0,游리 medium
22,Pressing,27.23,2.88,44.81,0.51,0.22,0.38,0,游리 medium
22,Coating,48.78,1.11,67.67,0.31,0.26,0.05,0,游릭 low
22,Coating,58.88,1.25,52.1,0.35,0.19,0.32,0,游리 medium
22,Coating,47.36,1.03,67.55,0.57,0.17,0.37,0,游리 medium
22,Coating,53.73,1.32,61.86,0.23,0.12,0.68,1,游댮 high
22,Coating,44.73,1.37,58.67,0.31,0.24,0.05,0,游릭 low
22,Packaging,19.45,1.03,53.12,0.59,0.28,0.05,0,游릭 low
22,Packaging,22.01,1.01,57.32,0.57,0.26,0.05,0,游릭 low
22,Packaging,22.25,0.98,58.98,0.54,0.19,0.31,0,游리 medium
22,Packaging,24.24,1.04,55.67,0.57,0.12,0.28,0,游릭 low
22,Packaging,21.81,0.92,44.16,0.21,0.19,0.59,1,游리 medium
23,Mixing,27.42,1.35,58.91,0.39,0.23,0.05,0,游릭 low
23,Mixing,26.65,1.11,50.64,0.22,0.31,0.39,0,游리 medium
23,Mixing,25.31,1.31,59.64,0.49,0.28,0.05,0,游릭 low
23,Mixing,23.58,1.28,55.67,0.2,0.1,0.61,1,游댮 high
23,Mixing,27.42,1.16,58.77,0.55,0.15,0.35,0,游리 medium
23,Granulation,35.6,2.1,50.09,0.49,0.11,0.72,1,游댮 high
23,Granulation,43.31,1.77,52.22,0.57,0.12,0.64,1,游댮 high
23,Granulation,44.12,1.62,51.18,0.52,0.15,0.64,1,游댮 high
23,Granulation,36.79,1.47,44.72,0.39,0.29,0.55,1,游리 medium
23,Granulation,42.28,1.49,40.46,0.56,0.14,0.77,1,游댮 high
23,Drying,78.7,1.17,7.72,0.35,0.29,0.05,0,游릭 low
23,Drying,63.17,1.03,11.97,0.41,0.29,0.48,0,游리 medium
23,Drying,69.24,1.11,10.61,0.47,0.12,0.39,0,游리 medium
23,Drying,72.22,1.29,11.56,0.31,0.09,0.25,0,游릭 low
23,Drying,75.35,1.21,13.8,0.39,0.31,0.05,0,游릭 low
23,Pressing,25.89,2.71,46.27,0.48,0.27,0.56,1,游리 medium
23,Pressing,26.26,2.06,46.32,0.38,0.11,0.4,0,游리 medium
23,Pressing,28.43,2.2,42.69,0.46,0.3,0.05,0,游릭 low
23,Pressing,26.13,2.07,46.46,0.26,0.17,0.63,1,游댮 high
23,Pressing,28.8,2.13,47.17,0.42,0.12,0.25,0,游릭 low
23,Coating,46.29,1.01,57.86,0.27,0.13,0.59,1,游리 medium
23,Coating,50.16,1.43,52.18,0.47,0.27,0.05,0,游릭 low
23,Coating,45.6,1.4,62.28,0.51,0.14,0.28,0,游릭 low
23,Coating,56.39,1.27,68.0,0.49,0.25,0.05,0,游릭 low
23,Coating,54.96,1.06,64.65,0.27,0.23,0.34,0,游리 medium
23,Packaging,21.47,1.0,47.52,0.3,0.15,0.25,0,游릭 low
23,Packaging,24.28,1.06,43.56,0.46,0.11,0.39,0,游리 medium
23,Packaging,23.51,0.94,42.65,0.32,0.1,0.35,0,游리 medium
23,Packaging,23.82,1.05,41.07,0.49,0.26,0.05,0,游릭 low
23,Packaging,19.64,1.06,56.41,0.49,0.21,0.05,0,游릭 low
24,Mixing,28.14,1.1,51.77,0.33,0.16,0.28,0,游릭 low
24,Mixing,28.02,1.43,58.14,0.39,0.27,0.05,0,游릭 low
24,Mixing,26.83,1.05,59.07,0.24,0.22,0.25,0,游릭 low
24,Mixing,24.36,1.32,59.26,0.56,0.26,0.55,1,游리 medium
24,Mixing,25.6,1.16,54.21,0.54,0.28,0.05,0,游릭 low
24,Granulation,43.3,2.16,43.48,0.27,0.18,1.0,1,游댮 high
24,Granulation,39.81,1.97,50.44,0.5,0.28,0.55,1,游리 medium
24,Granulation,43.37,2.03,45.39,0.51,0.17,0.57,1,游리 medium
24,Granulation,39.82,2.15,50.05,0.43,0.22,0.27,0,游릭 low
24,Granulation,36.37,2.24,45.98,0.48,0.17,0.67,1,游댮 high
24,Drying,75.95,0.97,12.08,0.49,0.21,0.55,1,游리 medium
24,Drying,78.61,1.1,12.57,0.36,0.29,0.05,0,游릭 low
24,Drying,71.18,1.15,10.39,0.4,0.25,0.05,0,游릭 low
24,Drying,61.83,1.2,12.91,0.31,0.21,0.44,0,游리 medium
24,Drying,78.78,0.99,12.1,0.43,0.24,0.05,0,游릭 low
24,Pressing,27.32,2.94,34.84,0.49,0.28,0.46,0,游리 medium
24,Pressing,25.13,2.09,43.39,0.52,0.18,0.4,0,游리 medium
24,Pressing,25.56,2.13,48.66,0.28,0.16,0.65,1,游댮 high
24,Pressing,28.23,2.48,49.59,0.47,0.28,0.05,0,游릭 low
24,Pressing,28.58,2.51,45.14,0.23,0.12,0.72,1,游댮 high
24,Coating,57.05,1.13,57.04,0.59,0.13,0.26,0,游릭 low
24,Coating,47.96,1.32,54.25,0.47,0.23,0.55,1,游리 medium
24,Coating,46.25,1.19,66.48,0.35,0.29,0.05,0,游릭 low
24,Coating,49.84,1.27,47.66,0.48,0.12,0.37,0,游리 medium
24,Coating,44.22,1.08,66.62,0.43,0.27,0.05,0,游릭 low
24,Packaging,24.31,0.92,41.55,0.22,0.14,0.7,1,游댮 high
24,Packaging,22.02,1.09,52.63,0.32,0.28,0.05,0,游릭 low
24,Packaging,24.04,1.01,59.15,0.3,0.24,0.05,0,游릭 low
24,Packaging,22.49,0.92,44.02,0.25,0.09,0.71,1,游댮 high
24,Packaging,21.73,1.05,54.93,0.47,0.27,0.05,0,游릭 low
25,Mixing,26.6,1.41,54.31,0.23,0.26,0.29,0,游릭 low
25,Mixing,23.06,1.08,53.9,0.45,0.14,0.25,0,游릭 low
25,Mixing,22.66,1.44,53.53,0.55,0.17,0.89,1,游댮 high
25,Mixing,22.55,1.12,54.4,0.42,0.26,0.05,0,游릭 low
25,Mixing,25.25,1.32,50.3,0.3,0.24,0.05,0,游릭 low
25,Granulation,37.34,2.14,55.55,0.6,0.28,0.55,1,游리 medium
25,Granulation,40.6,1.93,49.85,0.41,0.13,0.47,0,游리 medium
25,Granulation,42.99,2.05,45.84,0.31,0.19,0.77,1,游댮 high
25,Granulation,40.88,1.43,46.24,0.39,0.29,0.05,0,游릭 low
25,Granulation,34.77,1.79,41.78,0.22,0.13,1.0,1,游댮 high
25,Drying,76.54,1.02,15.23,0.28,0.16,1.0,1,游댮 high
25,Drying,77.41,0.97,11.7,0.36,0.19,0.31,0,游리 medium
25,Drying,71.53,1.06,3.57,0.3,0.3,0.05,0,游릭 low
25,Drying,66.97,1.18,8.44,0.21,0.26,0.29,0,游릭 low
25,Drying,78.01,1.31,8.46,0.27,0.29,0.3,0,游리 medium
25,Pressing,29.09,2.79,43.3,0.54,0.12,0.88,1,游댮 high
25,Pressing,26.7,2.61,44.68,0.5,0.21,0.05,0,游릭 low
25,Pressing,26.53,2.12,39.17,0.45,0.27,0.05,0,游릭 low
25,Pressing,28.41,2.91,47.09,0.52,0.25,0.63,1,游댮 high
25,Pressing,26.78,2.39,47.34,0.22,0.21,0.29,0,游릭 low
25,Coating,47.9,1.09,65.49,0.54,0.12,0.26,0,游릭 low
25,Coating,46.28,1.2,57.9,0.44,0.27,0.05,0,游릭 low
25,Coating,58.73,1.1,58.17,0.59,0.15,0.32,0,游리 medium
25,Coating,59.24,1.12,48.13,0.34,0.2,0.05,0,游릭 low
25,Coating,56.52,1.21,55.05,0.58,0.26,0.05,0,游릭 low
25,Packaging,22.9,0.94,59.75,0.44,0.15,0.92,1,游댮 high
25,Packaging,20.21,1.04,59.16,0.45,0.21,0.05,0,游릭 low
25,Packaging,20.58,0.93,39.74,0.46,0.17,0.29,0,游릭 low
25,Packaging,23.91,1.06,52.53,0.48,0.21,0.05,0,游릭 low
25,Packaging,19.49,0.93,44.37,0.35,0.19,0.42,0,游리 medium
26,Mixing,24.39,1.07,58.49,0.41,0.24,0.05,0,游릭 low
26,Mixing,22.39,1.38,49.79,0.23,0.14,0.72,1,游댮 high
26,Mixing,27.49,1.35,52.4,0.3,0.29,0.05,0,游릭 low
26,Mixing,24.52,1.36,51.08,0.5,0.25,0.05,0,游릭 low
26,Mixing,27.34,1.35,50.15,0.49,0.18,0.37,0,游리 medium
26,Granulation,36.4,1.92,41.56,0.31,0.27,0.05,0,游릭 low
26,Granulation,37.85,2.06,46.07,0.39,0.14,0.67,1,游댮 high
26,Granulation,37.6,2.02,54.6,0.51,0.27,0.05,0,游릭 low
26,Granulation,36.32,1.84,54.58,0.39,0.12,0.51,1,游리 medium
26,Granulation,41.91,1.92,49.01,0.4,0.29,0.05,0,游릭 low
26,Drying,61.32,1.12,7.69,0.44,0.3,0.79,1,游댮 high
26,Drying,69.24,1.32,5.44,0.2,0.16,0.57,1,游리 medium
26,Drying,74.0,0.98,12.14,0.54,0.11,0.26,0,游릭 low
26,Drying,67.87,1.29,5.46,0.33,0.13,0.25,0,游릭 low
26,Drying,74.89,1.06,10.68,0.3,0.12,0.42,0,游리 medium
26,Pressing,26.65,2.53,51.67,0.36,0.28,0.05,0,游릭 low
26,Pressing,28.48,2.08,49.77,0.5,0.23,0.05,0,游릭 low
26,Pressing,30.18,2.09,40.57,0.5,0.15,0.44,0,游리 medium
26,Pressing,29.0,2.28,49.94,0.41,0.29,0.05,0,游릭 low
26,Pressing,26.12,2.2,42.69,0.48,0.3,0.05,0,游릭 low
26,Coating,58.0,1.24,58.6,0.31,0.24,0.05,0,游릭 low
26,Coating,57.71,1.11,56.7,0.53,0.09,0.38,0,游리 medium
26,Coating,46.53,1.21,65.76,0.38,0.29,0.05,0,游릭 low
26,Coating,41.07,1.28,59.25,0.22,0.1,0.63,1,游댮 high
26,Coating,53.38,1.2,57.5,0.44,0.24,0.05,0,游릭 low
26,Packaging,21.7,1.07,55.39,0.53,0.17,0.27,0,游릭 low
26,Packaging,24.35,1.04,55.83,0.3,0.23,0.05,0,游릭 low
26,Packaging,20.92,0.93,39.47,0.28,0.21,0.42,0,游리 medium
26,Packaging,22.91,0.93,51.09,0.51,0.23,0.05,0,游릭 low
26,Packaging,21.16,0.91,42.15,0.55,0.16,0.89,1,游댮 high
27,Mixing,24.29,1.22,58.13,0.22,0.25,0.27,0,游릭 low
27,Mixing,21.92,1.2,53.79,0.39,0.1,0.43,0,游리 medium
27,Mixing,25.69,1.1,57.4,0.55,0.28,0.05,0,游릭 low
27,Mixing,23.54,1.18,51.17,0.42,0.1,0.4,0,游리 medium
27,Mixing,26.4,1.45,53.06,0.42,0.27,0.05,0,游릭 low
27,Granulation,40.72,1.77,52.8,0.55,0.1,0.52,1,游리 medium
27,Granulation,43.33,2.07,51.14,0.31,0.12,0.67,1,游댮 high
27,Granulation,41.08,1.51,48.17,0.2,0.27,0.26,0,游릭 low
27,Granulation,40.05,1.69,53.04,0.39,0.1,0.58,1,游리 medium
27,Granulation,37.93,1.83,51.34,0.23,0.2,0.48,0,游리 medium
27,Drying,76.07,1.22,11.3,0.33,0.12,0.38,0,游리 medium
27,Drying,76.39,1.3,10.65,0.46,0.25,0.05,0,游릭 low
27,Drying,70.89,0.93,13.51,0.54,0.19,0.35,0,游리 medium
27,Drying,77.72,1.36,6.54,0.38,0.17,0.26,0,游릭 low
27,Drying,75.8,1.21,3.94,0.52,0.23,0.05,0,游릭 low
27,Pressing,27.78,2.53,43.35,0.54,0.18,0.34,0,游리 medium
27,Pressing,26.85,2.33,38.91,0.55,0.26,0.05,0,游릭 low
27,Pressing,28.7,2.52,40.89,0.38,0.17,0.4,0,游리 medium
27,Pressing,27.14,2.99,38.69,0.43,0.3,0.6,1,游댮 high
27,Pressing,25.44,2.28,45.44,0.43,0.24,0.05,0,游릭 low
27,Coating,54.7,1.38,67.63,0.55,0.11,0.38,0,游리 medium
27,Coating,59.55,1.11,68.33,0.37,0.23,0.05,0,游릭 low
27,Coating,42.42,1.35,65.48,0.52,0.23,0.55,1,游리 medium
27,Coating,50.13,1.26,57.46,0.21,0.12,0.54,1,游리 medium
27,Coating,60.14,1.39,64.2,0.46,0.19,0.41,0,游리 medium
27,Packaging,21.53,1.04,56.03,0.25,0.19,1.0,1,游댮 high
27,Packaging,23.48,1.08,43.79,0.52,0.13,0.92,1,游댮 high
27,Packaging,24.75,1.05,41.05,0.35,0.16,0.35,0,游리 medium
27,Packaging,21.57,1.08,52.82,0.35,0.26,0.05,0,游릭 low
27,Packaging,22.78,1.04,55.52,0.52,0.22,0.05,0,游릭 low
28,Mixing,23.79,1.17,55.54,0.41,0.16,0.36,0,游리 medium
28,Mixing,25.6,0.99,56.03,0.46,0.2,0.05,0,游릭 low
28,Mixing,23.95,1.48,54.85,0.53,0.22,0.05,0,游릭 low
28,Mixing,24.54,1.49,56.7,0.5,0.3,0.05,0,游릭 low
28,Mixing,25.44,1.42,53.72,0.24,0.21,0.4,0,游리 medium
28,Granulation,35.92,1.51,46.24,0.45,0.25,0.05,0,游릭 low
28,Granulation,36.91,1.65,42.77,0.21,0.23,0.28,0,游릭 low
28,Granulation,44.14,1.87,50.57,0.54,0.11,0.6,1,游댮 high
28,Granulation,39.67,1.96,51.77,0.55,0.16,0.62,1,游댮 high
28,Granulation,44.45,1.82,44.85,0.56,0.13,0.61,1,游댮 high
28,Drying,74.57,0.97,14.32,0.32,0.24,0.05,0,游릭 low
28,Drying,64.37,1.01,6.54,0.54,0.25,0.42,0,游리 medium
28,Drying,66.91,1.04,9.64,0.54,0.24,0.05,0,游릭 low
28,Drying,78.04,1.22,4.31,0.23,0.17,0.7,1,游댮 high
28,Drying,63.83,1.31,15.59,0.53,0.17,0.64,1,游댮 high
28,Pressing,26.73,2.58,48.04,0.44,0.25,0.05,0,游릭 low
28,Pressing,28.67,2.97,39.54,0.54,0.12,0.78,1,游댮 high
28,Pressing,25.53,2.09,45.53,0.57,0.28,0.05,0,游릭 low
28,Pressing,25.31,2.16,42.69,0.47,0.21,0.05,0,游릭 low
28,Pressing,29.67,2.04,37.94,0.43,0.27,0.05,0,游릭 low
28,Coating,56.79,1.19,62.34,0.38,0.16,0.36,0,游리 medium
28,Coating,41.06,1.27,56.26,0.49,0.12,0.34,0,游리 medium
28,Coating,53.17,1.16,62.3,0.49,0.13,0.27,0,游릭 low
28,Coating,45.05,1.13,55.93,0.56,0.15,0.88,1,游댮 high
28,Coating,51.12,1.11,57.51,0.37,0.14,0.35,0,游리 medium
28,Packaging,22.32,0.95,44.4,0.41,0.13,0.36,0,游리 medium
28,Packaging,22.04,0.91,40.64,0.52,0.14,0.38,0,游리 medium
28,Packaging,25.48,0.95,50.48,0.59,0.23,0.05,0,游릭 low
28,Packaging,23.7,1.01,49.69,0.59,0.19,0.26,0,游릭 low
28,Packaging,20.47,1.07,57.19,0.37,0.26,0.05,0,游릭 low
29,Mixing,24.97,1.07,56.54,0.22,0.17,0.73,1,游댮 high
29,Mixing,23.78,1.36,56.46,0.58,0.2,0.55,1,游리 medium
29,Mixing,26.96,1.13,59.15,0.34,0.12,0.36,0,游리 medium
29,Mixing,27.13,1.1,59.53,0.31,0.24,0.05,0,游릭 low
29,Mixing,27.44,1.11,54.6,0.6,0.24,0.05,0,游릭 low
29,Granulation,43.32,1.8,45.38,0.45,0.23,0.05,0,游릭 low
29,Granulation,36.01,1.56,53.04,0.34,0.16,0.67,1,游댮 high
29,Granulation,44.09,1.61,52.92,0.25,0.27,0.43,0,游리 medium
29,Granulation,36.74,1.61,42.88,0.45,0.19,0.54,1,游리 medium
29,Granulation,39.96,2.03,48.79,0.48,0.23,0.05,0,游릭 low
29,Drying,77.69,1.15,14.42,0.35,0.3,0.05,0,游릭 low
29,Drying,67.85,0.96,10.25,0.37,0.16,0.37,0,游리 medium
29,Drying,67.53,1.09,9.06,0.59,0.15,0.27,0,游릭 low
29,Drying,75.52,1.31,8.14,0.27,0.22,0.26,0,游릭 low
29,Drying,70.07,1.2,12.96,0.34,0.12,0.26,0,游릭 low
29,Pressing,26.2,2.24,49.11,0.43,0.21,0.05,0,游릭 low
29,Pressing,27.37,1.95,36.17,0.35,0.22,0.05,0,游릭 low
29,Pressing,27.01,2.96,41.11,0.43,0.18,0.76,1,游댮 high
29,Pressing,28.25,1.92,50.73,0.22,0.09,0.68,1,游댮 high
29,Pressing,27.23,2.69,41.1,0.27,0.3,0.3,0,游리 medium
29,Coating,45.06,1.12,66.89,0.43,0.29,0.05,0,游릭 low
29,Coating,42.95,1.07,56.7,0.35,0.24,0.05,0,游릭 low
29,Coating,42.03,1.46,57.59,0.45,0.21,0.05,0,游릭 low
29,Coating,47.65,0.94,57.99,0.35,0.21,0.05,0,游릭 low
29,Coating,52.63,1.41,58.89,0.5,0.17,0.38,0,游리 medium
29,Packaging,23.96,0.92,54.07,0.21,0.11,0.56,1,游리 medium
29,Packaging,22.55,1.02,40.93,0.58,0.28,0.05,0,游릭 low
29,Packaging,22.94,1.0,57.0,0.44,0.24,0.05,0,游릭 low
29,Packaging,20.71,1.06,53.72,0.43,0.11,0.41,0,游리 medium
29,Packaging,23.54,1.09,42.77,0.51,0.12,0.38,0,游리 medium
30,Mixing,23.11,1.04,49.58,0.48,0.19,0.43,0,游리 medium
30,Mixing,23.05,1.1,54.06,0.55,0.27,0.05,0,游릭 low
30,Mixing,27.97,0.91,51.83,0.39,0.17,0.33,0,游리 medium
30,Mixing,26.54,0.98,52.28,0.34,0.26,0.05,0,游릭 low
30,Mixing,26.41,1.51,53.17,0.41,0.29,0.05,0,游릭 low
30,Granulation,36.56,1.62,49.85,0.43,0.28,0.05,0,游릭 low
30,Granulation,38.87,1.99,44.06,0.55,0.19,1.0,1,游댮 high
30,Granulation,40.06,1.48,51.62,0.59,0.27,0.05,0,游릭 low
30,Granulation,43.35,2.09,53.29,0.48,0.23,0.05,0,游릭 low
30,Granulation,43.41,1.54,49.91,0.46,0.09,1.0,1,游댮 high
30,Drying,64.33,1.24,9.54,0.36,0.26,0.53,1,游리 medium
30,Drying,61.15,1.19,5.0,0.46,0.18,0.51,1,游리 medium
30,Drying,65.92,1.15,9.47,0.57,0.19,0.3,0,游리 medium
30,Drying,66.16,1.27,9.04,0.57,0.13,0.9,1,游댮 high
30,Drying,74.82,1.03,8.8,0.27,0.13,0.76,1,游댮 high
30,Pressing,25.37,2.41,40.29,0.4,0.21,0.05,0,游릭 low
30,Pressing,25.08,2.89,42.08,0.38,0.22,0.58,1,游리 medium
30,Pressing,27.11,2.74,45.5,0.51,0.31,0.36,0,游리 medium
30,Pressing,25.87,2.86,45.61,0.3,0.19,1.0,1,游댮 high
30,Pressing,25.01,2.75,49.7,0.48,0.24,0.61,1,游댮 high
30,Coating,47.22,1.33,65.67,0.59,0.24,0.05,0,游릭 low
30,Coating,58.74,1.18,50.89,0.23,0.16,0.5,0,游리 medium
30,Coating,56.19,1.38,62.93,0.55,0.24,0.05,0,游릭 low
30,Coating,56.05,1.19,70.4,0.26,0.15,0.73,1,游댮 high
30,Coating,54.66,1.35,69.74,0.23,0.25,0.39,0,游리 medium
30,Packaging,24.6,0.99,50.74,0.5,0.11,0.43,0,游리 medium
30,Packaging,21.61,1.04,39.0,0.36,0.15,0.8,1,游댮 high
30,Packaging,23.78,1.09,50.02,0.56,0.27,0.05,0,游릭 low
30,Packaging,22.51,0.93,44.63,0.41,0.19,0.35,0,游리 medium
30,Packaging,19.83,1.04,46.57,0.22,0.12,0.53,1,游리 medium
31,Mixing,26.58,0.96,51.07,0.46,0.29,0.05,0,游릭 low
31,Mixing,24.01,1.35,51.88,0.58,0.26,0.05,0,游릭 low
31,Mixing,21.99,1.21,55.75,0.59,0.28,0.05,0,游릭 low
31,Mixing,23.02,1.42,53.04,0.32,0.27,0.05,0,游릭 low
31,Mixing,24.48,1.43,57.18,0.23,0.28,0.79,1,游댮 high
31,Granulation,42.26,2.21,44.28,0.41,0.19,0.68,1,游댮 high
31,Granulation,35.09,1.93,53.64,0.56,0.22,0.36,0,游리 medium
31,Granulation,36.84,1.59,51.92,0.36,0.23,0.05,0,游릭 low
31,Granulation,38.68,1.87,43.43,0.34,0.31,0.05,0,游릭 low
31,Granulation,36.47,1.71,56.98,0.36,0.29,0.05,0,游릭 low
31,Drying,79.75,0.95,8.74,0.49,0.16,0.29,0,游릭 low
31,Drying,63.21,1.16,5.64,0.49,0.25,0.5,1,游리 medium
31,Drying,78.98,1.2,7.09,0.37,0.17,0.44,0,游리 medium
31,Drying,76.42,0.98,8.12,0.31,0.27,0.05,0,游릭 low
31,Drying,66.84,1.06,15.35,0.44,0.13,0.4,0,游리 medium
31,Pressing,29.06,2.22,40.02,0.31,0.12,0.25,0,游릭 low
31,Pressing,26.19,2.51,35.79,0.46,0.24,0.05,0,游릭 low
31,Pressing,29.06,2.48,45.67,0.46,0.16,0.33,0,游리 medium
31,Pressing,24.98,2.69,45.59,0.54,0.14,0.36,0,游리 medium
31,Pressing,27.11,2.33,50.15,0.23,0.17,0.57,1,游리 medium
31,Coating,47.99,1.01,55.82,0.4,0.2,0.05,0,游릭 low
31,Coating,59.6,1.23,57.04,0.22,0.13,0.75,1,游댮 high
31,Coating,57.01,1.1,61.87,0.32,0.11,0.45,0,游리 medium
31,Coating,55.08,1.01,63.1,0.44,0.19,0.38,0,游리 medium
31,Coating,44.9,1.07,67.17,0.53,0.14,0.34,0,游리 medium
31,Packaging,22.05,0.93,57.64,0.58,0.14,0.43,0,游리 medium
31,Packaging,21.5,0.93,52.29,0.27,0.24,0.37,0,游리 medium
31,Packaging,23.42,1.05,59.04,0.56,0.24,0.05,0,游릭 low
31,Packaging,20.64,0.99,51.29,0.55,0.21,0.05,0,游릭 low
31,Packaging,23.33,0.94,56.09,0.57,0.17,0.44,0,游리 medium
32,Mixing,27.25,1.14,52.95,0.55,0.19,0.39,0,游리 medium
32,Mixing,23.55,1.49,47.64,0.3,0.27,0.05,0,游릭 low
32,Mixing,27.4,0.99,51.67,0.23,0.21,0.35,0,游리 medium
32,Mixing,24.78,1.18,51.29,0.23,0.24,0.79,1,游댮 high
32,Mixing,27.76,1.25,49.42,0.35,0.29,0.05,0,游릭 low
32,Granulation,37.22,1.99,47.94,0.58,0.16,0.71,1,游댮 high
32,Granulation,38.68,1.75,46.87,0.56,0.26,0.05,0,游릭 low
32,Granulation,38.04,1.41,49.76,0.5,0.26,0.05,0,游릭 low
32,Granulation,44.12,2.04,45.22,0.25,0.15,1.0,1,游댮 high
32,Granulation,37.57,1.93,46.93,0.43,0.13,0.76,1,游댮 high
32,Drying,68.32,1.25,4.99,0.25,0.28,0.91,1,游댮 high
32,Drying,68.17,1.24,10.02,0.21,0.31,0.89,1,游댮 high
32,Drying,73.56,1.17,8.91,0.53,0.14,0.34,0,游리 medium
32,Drying,65.64,1.02,10.82,0.44,0.19,0.35,0,游리 medium
32,Drying,64.44,1.25,7.03,0.22,0.16,0.96,1,游댮 high
32,Pressing,28.18,2.66,43.88,0.31,0.24,0.05,0,游릭 low
32,Pressing,27.46,2.73,46.82,0.34,0.17,0.62,1,游댮 high
32,Pressing,25.36,2.84,36.72,0.26,0.13,1.0,1,游댮 high
32,Pressing,27.39,2.74,37.22,0.28,0.21,0.58,1,游리 medium
32,Pressing,28.22,2.12,43.72,0.22,0.24,0.29,0,游릭 low
32,Coating,42.51,1.24,58.08,0.34,0.13,0.4,0,游리 medium
32,Coating,45.22,1.07,60.83,0.61,0.29,0.55,1,游리 medium
32,Coating,59.48,1.4,59.03,0.37,0.26,0.05,0,游릭 low
32,Coating,46.35,1.48,54.95,0.52,0.29,0.55,1,游리 medium
32,Coating,47.27,0.95,65.28,0.48,0.28,0.05,0,游릭 low
32,Packaging,19.57,1.1,47.18,0.26,0.18,0.6,1,游댮 high
32,Packaging,22.08,0.94,56.15,0.56,0.28,0.05,0,游릭 low
32,Packaging,24.32,1.07,50.51,0.33,0.3,0.55,1,游리 medium
32,Packaging,23.12,0.91,54.33,0.34,0.15,0.34,0,游리 medium
32,Packaging,21.79,1.04,47.71,0.48,0.29,0.55,1,游리 medium
33,Mixing,27.6,1.01,52.68,0.47,0.24,0.55,1,游리 medium
33,Mixing,26.49,1.25,51.1,0.26,0.15,0.53,1,游리 medium
33,Mixing,23.29,1.09,57.9,0.4,0.25,0.05,0,游릭 low
33,Mixing,23.47,1.08,61.41,0.46,0.15,0.4,0,游리 medium
33,Mixing,23.98,1.28,49.6,0.54,0.16,0.3,0,游리 medium
33,Granulation,40.51,1.72,39.93,0.41,0.3,0.05,0,游릭 low
33,Granulation,37.44,2.15,51.41,0.55,0.2,0.3,0,游리 medium
33,Granulation,39.07,1.44,53.65,0.54,0.15,0.83,1,游댮 high
33,Granulation,37.69,1.77,48.34,0.59,0.27,0.05,0,游릭 low
33,Granulation,35.87,1.71,42.25,0.54,0.27,0.05,0,游릭 low
33,Drying,78.5,1.14,6.25,0.37,0.31,0.55,1,游리 medium
33,Drying,68.35,1.36,8.63,0.51,0.14,0.26,0,游릭 low
33,Drying,79.02,1.15,12.16,0.31,0.19,0.38,0,游리 medium
33,Drying,65.61,1.11,10.41,0.24,0.18,0.54,1,游리 medium
33,Drying,73.36,1.16,9.88,0.22,0.2,0.44,0,游리 medium
33,Pressing,27.58,3.03,37.69,0.58,0.15,0.7,1,游댮 high
33,Pressing,28.72,2.34,39.59,0.35,0.21,0.05,0,游릭 low
33,Pressing,28.48,2.5,44.07,0.22,0.15,0.61,1,游댮 high
33,Pressing,25.6,2.52,46.34,0.32,0.18,0.29,0,游릭 low
33,Pressing,27.22,2.92,41.55,0.28,0.17,0.95,1,游댮 high
33,Coating,44.3,1.44,65.14,0.25,0.29,0.25,0,游릭 low
33,Coating,48.67,1.26,47.91,0.35,0.26,0.05,0,游릭 low
33,Coating,50.38,0.97,69.9,0.28,0.14,0.66,1,游댮 high
33,Coating,48.66,1.12,67.01,0.58,0.2,0.05,0,游릭 low
33,Coating,53.77,1.17,52.28,0.36,0.12,0.28,0,游릭 low
33,Packaging,23.98,1.07,46.85,0.6,0.09,0.26,0,游릭 low
33,Packaging,22.6,1.0,45.67,0.6,0.16,0.44,0,游리 medium
33,Packaging,21.78,1.04,44.86,0.2,0.2,0.32,0,游리 medium
33,Packaging,21.53,0.94,55.1,0.37,0.25,0.55,1,游리 medium
33,Packaging,22.85,0.96,54.52,0.41,0.12,0.8,1,游댮 high
34,Mixing,26.15,1.16,52.26,0.47,0.19,0.38,0,游리 medium
34,Mixing,26.9,1.34,53.54,0.46,0.2,0.05,0,游릭 low
34,Mixing,27.47,1.0,56.38,0.48,0.2,0.05,0,游릭 low
34,Mixing,24.37,0.94,54.98,0.47,0.11,0.32,0,游리 medium
34,Mixing,26.52,1.13,59.96,0.43,0.1,0.33,0,游리 medium
34,Granulation,37.53,2.09,45.03,0.52,0.15,0.68,1,游댮 high
34,Granulation,43.5,1.59,45.55,0.58,0.27,0.05,0,游릭 low
34,Granulation,42.72,2.17,43.84,0.47,0.24,0.05,0,游릭 low
34,Granulation,43.42,1.76,52.16,0.29,0.31,0.41,0,游리 medium
34,Granulation,43.47,2.08,43.77,0.25,0.12,0.9,1,游댮 high
34,Drying,71.71,1.34,10.25,0.57,0.1,0.32,0,游리 medium
34,Drying,75.5,1.0,7.29,0.39,0.23,0.05,0,游릭 low
34,Drying,69.38,1.29,10.73,0.56,0.09,0.37,0,游리 medium
34,Drying,74.45,1.01,13.09,0.37,0.14,0.28,0,游릭 low
34,Drying,73.99,1.23,7.36,0.43,0.26,0.05,0,游릭 low
34,Pressing,28.74,2.29,48.76,0.31,0.14,0.3,0,游리 medium
34,Pressing,27.39,2.63,45.98,0.54,0.13,0.25,0,游릭 low
34,Pressing,26.82,2.7,42.66,0.25,0.18,0.66,1,游댮 high
34,Pressing,27.68,2.48,40.82,0.54,0.14,0.37,0,游리 medium
34,Pressing,28.97,2.81,41.1,0.47,0.24,0.43,0,游리 medium
34,Coating,44.63,1.48,62.86,0.35,0.29,0.05,0,游릭 low
34,Coating,54.01,1.25,67.89,0.54,0.13,0.25,0,游릭 low
34,Coating,53.12,1.04,50.54,0.27,0.26,0.76,1,游댮 high
34,Coating,58.94,1.3,67.01,0.55,0.18,0.36,0,游리 medium
34,Coating,58.99,1.05,51.87,0.57,0.3,0.05,0,游릭 low
34,Packaging,20.39,0.98,54.52,0.53,0.27,0.05,0,游릭 low
34,Packaging,23.34,0.91,54.38,0.44,0.26,0.05,0,游릭 low
34,Packaging,21.64,1.04,57.77,0.55,0.1,0.35,0,游리 medium
34,Packaging,21.16,1.04,45.61,0.38,0.15,0.27,0,游릭 low
34,Packaging,24.27,1.04,56.94,0.57,0.28,0.05,0,游릭 low
35,Mixing,25.54,1.09,55.31,0.55,0.18,0.84,1,游댮 high
35,Mixing,26.33,1.15,53.6,0.56,0.2,0.05,0,游릭 low
35,Mixing,23.18,1.11,58.8,0.58,0.12,0.27,0,游릭 low
35,Mixing,23.78,1.27,52.32,0.59,0.11,0.44,0,游리 medium
35,Mixing,27.96,1.33,57.97,0.42,0.2,0.05,0,游릭 low
35,Granulation,39.36,1.46,43.16,0.24,0.31,0.29,0,游릭 low
35,Granulation,42.26,1.66,49.63,0.5,0.21,0.27,0,游릭 low
35,Granulation,35.37,1.99,51.29,0.38,0.22,0.41,0,游리 medium
35,Granulation,41.53,2.1,54.17,0.31,0.12,1.0,1,游댮 high
35,Granulation,42.55,1.64,48.72,0.21,0.17,0.94,1,游댮 high
35,Drying,72.99,1.19,15.27,0.52,0.12,0.4,0,游리 medium
35,Drying,65.88,1.24,14.07,0.54,0.25,0.05,0,游릭 low
35,Drying,79.57,1.2,11.02,0.31,0.26,0.05,0,游릭 low
35,Drying,76.31,1.16,9.64,0.21,0.22,0.27,0,游릭 low
35,Drying,60.54,1.05,3.66,0.49,0.28,0.4,0,游리 medium
35,Pressing,30.26,2.74,47.15,0.44,0.17,0.99,1,游댮 high
35,Pressing,29.22,3.0,49.82,0.31,0.22,0.42,0,游리 medium
35,Pressing,25.04,2.08,40.57,0.39,0.19,0.29,0,游릭 low
35,Pressing,25.88,2.81,40.91,0.35,0.15,0.94,1,游댮 high
35,Pressing,24.61,2.28,45.56,0.21,0.17,0.62,1,游댮 high
35,Coating,59.25,1.15,55.39,0.26,0.1,0.48,0,游리 medium
35,Coating,47.32,1.37,57.02,0.59,0.17,0.39,0,游리 medium
35,Coating,42.61,1.03,51.35,0.54,0.25,0.05,0,游릭 low
35,Coating,51.36,1.33,56.83,0.34,0.27,0.05,0,游릭 low
35,Coating,49.1,1.27,63.76,0.43,0.28,0.05,0,游릭 low
35,Packaging,23.25,1.05,53.71,0.57,0.14,0.35,0,游리 medium
35,Packaging,24.1,0.92,42.48,0.36,0.14,0.84,1,游댮 high
35,Packaging,19.56,1.09,57.66,0.22,0.3,0.26,0,游릭 low
35,Packaging,21.0,0.91,52.12,0.35,0.12,0.27,0,游릭 low
35,Packaging,23.46,1.05,59.36,0.25,0.17,0.59,1,游리 medium
36,Mixing,24.43,1.46,51.32,0.52,0.24,0.05,0,游릭 low
36,Mixing,25.19,1.27,57.35,0.25,0.24,0.3,0,游리 medium
36,Mixing,25.93,1.3,58.68,0.57,0.11,0.43,0,游리 medium
36,Mixing,23.6,1.4,60.29,0.36,0.13,0.35,0,游리 medium
36,Mixing,27.77,1.3,53.51,0.47,0.17,0.3,0,游리 medium
36,Granulation,43.5,1.82,43.33,0.57,0.22,0.34,0,游리 medium
36,Granulation,43.11,2.01,39.11,0.48,0.18,0.58,1,游리 medium
36,Granulation,39.45,1.67,43.01,0.33,0.18,0.52,1,游리 medium
36,Granulation,36.62,1.67,46.4,0.34,0.28,0.05,0,游릭 low
36,Granulation,35.01,2.05,49.13,0.58,0.18,1.0,1,游댮 high
36,Drying,62.47,1.36,11.96,0.61,0.28,0.36,0,游리 medium
36,Drying,66.33,0.93,14.62,0.38,0.26,0.05,0,游릭 low
36,Drying,78.57,1.03,4.48,0.38,0.18,0.37,0,游리 medium
36,Drying,72.5,1.09,13.85,0.39,0.2,0.05,0,游릭 low
36,Drying,77.1,1.04,13.9,0.58,0.22,0.05,0,游릭 low
36,Pressing,27.8,2.88,40.23,0.26,0.15,1.0,1,游댮 high
36,Pressing,27.26,2.18,37.12,0.36,0.28,0.05,0,游릭 low
36,Pressing,26.64,3.01,37.58,0.5,0.15,0.73,1,游댮 high
36,Pressing,27.25,2.41,41.33,0.29,0.11,1.0,1,游댮 high
36,Pressing,24.64,2.29,42.43,0.41,0.25,0.05,0,游릭 low
36,Coating,57.74,1.39,61.28,0.51,0.13,0.41,0,游리 medium
36,Coating,46.47,1.12,63.55,0.57,0.25,0.05,0,游릭 low
36,Coating,40.1,1.26,62.83,0.28,0.14,0.58,1,游리 medium
36,Coating,52.49,1.09,59.82,0.32,0.2,0.05,0,游릭 low
36,Coating,55.7,1.32,68.72,0.46,0.17,0.3,0,游리 medium
36,Packaging,21.98,1.03,52.47,0.31,0.25,0.05,0,游릭 low
36,Packaging,21.1,1.07,40.23,0.45,0.26,0.05,0,游릭 low
36,Packaging,22.96,1.01,51.44,0.57,0.19,0.27,0,游릭 low
36,Packaging,24.45,0.94,40.42,0.61,0.12,0.34,0,游리 medium
36,Packaging,21.87,1.03,45.92,0.21,0.11,0.54,1,游리 medium
37,Mixing,23.32,1.01,57.95,0.34,0.19,0.44,0,游리 medium
37,Mixing,23.86,1.15,49.5,0.54,0.25,0.05,0,游릭 low
37,Mixing,24.72,1.41,53.6,0.46,0.13,0.28,0,游릭 low
37,Mixing,24.57,1.45,53.63,0.26,0.19,0.69,1,游댮 high
37,Mixing,24.79,1.52,60.54,0.6,0.17,0.45,0,游리 medium
37,Granulation,35.9,1.62,43.01,0.34,0.3,0.05,0,游릭 low
37,Granulation,37.52,1.69,40.09,0.23,0.14,1.0,1,游댮 high
37,Granulation,42.42,1.61,52.44,0.51,0.28,0.05,0,游릭 low
37,Granulation,35.23,1.71,53.3,0.44,0.26,0.05,0,游릭 low
37,Granulation,39.89,1.59,41.37,0.44,0.25,0.05,0,游릭 low
37,Drying,79.83,1.26,11.16,0.56,0.15,0.34,0,游리 medium
37,Drying,77.81,1.18,7.42,0.28,0.26,0.28,0,游릭 low
37,Drying,73.02,1.3,10.93,0.32,0.28,0.05,0,游릭 low
37,Drying,68.08,1.17,13.46,0.23,0.29,0.36,0,游리 medium
37,Drying,63.33,0.98,8.29,0.27,0.27,0.62,1,游댮 high
37,Pressing,24.93,2.17,36.45,0.33,0.21,0.05,0,游릭 low
37,Pressing,25.35,2.7,41.6,0.57,0.22,0.05,0,游릭 low
37,Pressing,29.54,2.52,37.94,0.25,0.17,0.59,1,游리 medium
37,Pressing,26.43,2.96,41.77,0.29,0.26,0.63,1,游댮 high
37,Pressing,29.26,2.79,45.95,0.6,0.1,0.79,1,游댮 high
37,Coating,43.34,1.27,48.94,0.33,0.17,0.35,0,游리 medium
37,Coating,47.16,1.15,54.92,0.24,0.26,0.8,1,游댮 high
37,Coating,42.11,1.28,51.76,0.26,0.26,0.43,0,游리 medium
37,Coating,40.01,1.25,54.17,0.34,0.25,0.05,0,游릭 low
37,Coating,52.41,1.27,52.28,0.32,0.2,0.05,0,游릭 low
37,Packaging,23.06,0.93,46.67,0.32,0.14,0.33,0,游리 medium
37,Packaging,25.62,0.97,53.11,0.57,0.16,0.37,0,游리 medium
37,Packaging,23.63,0.94,60.96,0.54,0.13,0.35,0,游리 medium
37,Packaging,21.01,1.03,47.86,0.54,0.26,0.05,0,游릭 low
37,Packaging,20.22,0.97,49.5,0.47,0.27,0.05,0,游릭 low
38,Mixing,23.36,1.27,54.74,0.27,0.2,0.35,0,游리 medium
38,Mixing,24.42,1.37,62.16,0.29,0.12,0.67,1,游댮 high
38,Mixing,22.17,1.2,54.72,0.45,0.15,0.35,0,游리 medium
38,Mixing,24.08,1.23,56.54,0.55,0.23,0.05,0,游릭 low
38,Mixing,27.9,1.22,54.42,0.33,0.2,0.05,0,游릭 low
38,Granulation,43.59,1.74,41.32,0.4,0.22,0.35,0,游리 medium
38,Granulation,39.16,1.77,42.62,0.37,0.27,0.05,0,游릭 low
38,Granulation,37.86,1.86,50.63,0.29,0.18,1.0,1,游댮 high
38,Granulation,41.01,1.62,46.5,0.53,0.15,0.67,1,游댮 high
38,Granulation,40.34,2.04,41.14,0.39,0.24,0.05,0,游릭 low
38,Drying,65.7,1.13,14.7,0.43,0.29,0.55,1,游리 medium
38,Drying,65.72,1.04,16.99,0.45,0.2,0.05,0,游릭 low
38,Drying,67.41,1.11,11.41,0.48,0.23,0.05,0,游릭 low
38,Drying,67.88,1.16,7.78,0.32,0.13,0.43,0,游리 medium
38,Drying,72.77,1.14,6.09,0.44,0.29,0.05,0,游릭 low
38,Pressing,26.62,2.62,47.38,0.19,0.31,0.35,0,游리 medium
38,Pressing,29.43,2.23,52.52,0.29,0.13,0.62,1,游댮 high
38,Pressing,28.98,2.48,40.82,0.38,0.17,0.26,0,游릭 low
38,Pressing,26.32,2.75,39.89,0.53,0.28,0.41,0,游리 medium
38,Pressing,29.4,2.97,35.97,0.3,0.13,0.65,1,游댮 high
38,Coating,55.02,1.25,59.37,0.51,0.26,0.05,0,游릭 low
38,Coating,52.26,1.23,59.47,0.37,0.14,0.43,0,游리 medium
38,Coating,49.77,1.31,60.6,0.48,0.18,0.9,1,游댮 high
38,Coating,60.86,1.28,54.42,0.38,0.21,0.05,0,游릭 low
38,Coating,46.86,1.0,68.21,0.33,0.24,0.05,0,游릭 low
38,Packaging,23.87,0.94,45.53,0.3,0.2,0.05,0,游릭 low
38,Packaging,20.16,0.94,44.89,0.58,0.1,0.45,0,游리 medium
38,Packaging,23.27,1.09,38.14,0.51,0.12,0.82,1,游댮 high
38,Packaging,21.71,0.94,48.94,0.3,0.2,0.05,0,游릭 low
38,Packaging,21.38,0.96,52.02,0.33,0.19,0.37,0,游리 medium
39,Mixing,23.21,1.52,55.09,0.29,0.19,0.51,1,游리 medium
39,Mixing,24.63,1.55,52.88,0.33,0.17,0.4,0,游리 medium
39,Mixing,25.55,1.52,52.05,0.58,0.23,0.05,0,游릭 low
39,Mixing,24.31,1.25,56.34,0.4,0.23,0.05,0,游릭 low
39,Mixing,27.27,1.17,54.33,0.22,0.17,0.73,1,游댮 high
39,Granulation,39.11,1.58,52.22,0.32,0.15,0.73,1,游댮 high
39,Granulation,42.47,1.59,42.73,0.25,0.24,0.27,0,游릭 low
39,Granulation,36.32,2.12,40.22,0.38,0.22,0.81,1,游댮 high
39,Granulation,37.19,1.79,48.86,0.39,0.23,0.05,0,游릭 low
39,Granulation,42.73,1.66,49.6,0.39,0.22,0.39,0,游리 medium
39,Drying,78.45,1.28,5.97,0.2,0.12,0.58,1,游리 medium
39,Drying,73.83,1.2,3.2,0.34,0.2,0.05,0,游릭 low
39,Drying,76.91,1.01,6.34,0.54,0.19,0.29,0,游릭 low
39,Drying,77.53,1.23,16.55,0.4,0.23,0.05,0,游릭 low
39,Drying,59.41,1.16,7.32,0.39,0.18,0.58,1,游리 medium
39,Pressing,29.87,2.44,40.11,0.33,0.25,0.05,0,游릭 low
39,Pressing,28.01,2.57,48.56,0.42,0.09,0.38,0,游리 medium
39,Pressing,29.56,2.18,46.02,0.43,0.19,0.28,0,游릭 low
39,Pressing,29.4,2.6,52.29,0.52,0.11,0.32,0,游리 medium
39,Pressing,25.68,2.56,45.2,0.26,0.1,0.73,1,游댮 high
39,Coating,51.6,1.42,50.34,0.48,0.12,0.31,0,游리 medium
39,Coating,56.53,1.09,56.71,0.31,0.22,0.55,1,游리 medium
39,Coating,57.51,0.97,64.72,0.36,0.1,0.43,0,游리 medium
39,Coating,55.32,1.16,66.2,0.22,0.27,0.42,0,游리 medium
39,Coating,49.16,1.3,52.18,0.25,0.28,0.35,0,游리 medium
39,Packaging,22.01,0.91,44.66,0.42,0.22,0.05,0,游릭 low
39,Packaging,19.63,1.05,56.24,0.41,0.17,0.31,0,游리 medium
39,Packaging,24.07,0.91,46.77,0.58,0.29,0.05,0,游릭 low
39,Packaging,20.96,0.97,56.84,0.43,0.17,0.37,0,游리 medium
39,Packaging,25.11,0.95,46.76,0.31,0.21,0.55,1,游리 medium
40,Mixing,23.86,1.12,55.1,0.23,0.12,0.8,1,游댮 high
40,Mixing,22.65,1.47,58.6,0.54,0.2,0.05,0,游릭 low
40,Mixing,23.45,1.12,53.54,0.57,0.2,0.05,0,游릭 low
40,Mixing,24.69,1.08,59.93,0.41,0.14,0.85,1,游댮 high
40,Mixing,24.5,0.93,59.41,0.5,0.28,0.05,0,游릭 low
40,Granulation,41.56,1.78,44.07,0.55,0.28,0.05,0,游릭 low
40,Granulation,43.1,2.26,52.15,0.5,0.14,0.56,1,游리 medium
40,Granulation,42.47,1.66,48.66,0.59,0.15,0.79,1,游댮 high
40,Granulation,39.06,1.53,48.82,0.23,0.25,0.84,1,游댮 high
40,Granulation,37.7,1.88,48.33,0.48,0.2,0.27,0,游릭 low
40,Drying,71.75,1.14,14.63,0.24,0.15,0.5,0,游리 medium
40,Drying,62.09,1.06,3.19,0.32,0.28,0.91,1,游댮 high
40,Drying,70.44,1.1,10.86,0.39,0.13,0.26,0,游릭 low
40,Drying,79.55,1.07,6.72,0.55,0.19,0.92,1,游댮 high
40,Drying,77.45,1.21,5.75,0.38,0.13,0.42,0,游리 medium
40,Pressing,28.43,2.4,44.43,0.32,0.3,0.05,0,游릭 low
40,Pressing,27.06,2.61,36.75,0.24,0.13,0.54,1,游리 medium
40,Pressing,24.39,2.63,38.7,0.32,0.26,0.05,0,游릭 low
40,Pressing,25.03,2.68,39.06,0.25,0.24,0.88,1,游댮 high
40,Pressing,27.13,2.82,38.67,0.53,0.24,0.53,1,游리 medium
40,Coating,43.76,1.33,61.82,0.45,0.15,0.35,0,游리 medium
40,Coating,43.03,1.23,53.04,0.35,0.23,0.05,0,游릭 low
40,Coating,51.85,1.32,56.12,0.4,0.1,0.35,0,游리 medium
40,Coating,52.18,1.02,60.05,0.43,0.23,0.05,0,游릭 low
40,Coating,42.5,1.2,59.37,0.45,0.18,0.87,1,游댮 high
40,Packaging,20.25,1.1,42.04,0.23,0.21,0.39,0,游리 medium
40,Packaging,21.08,1.05,43.24,0.3,0.13,0.27,0,游릭 low
40,Packaging,23.86,1.08,44.91,0.26,0.19,1.0,1,游댮 high
40,Packaging,23.75,1.01,49.74,0.55,0.24,0.05,0,游릭 low
40,Packaging,22.03,1.04,46.26,0.34,0.25,0.05,0,游릭 low
41,Mixing,26.97,1.43,56.45,0.36,0.21,0.55,1,游리 medium
41,Mixing,23.09,1.25,54.15,0.42,0.26,0.05,0,游릭 low
41,Mixing,26.73,1.26,48.46,0.32,0.11,0.31,0,游리 medium
41,Mixing,26.06,0.97,54.88,0.23,0.18,0.58,1,游리 medium
41,Mixing,26.3,1.3,55.21,0.39,0.21,0.05,0,游릭 low
41,Granulation,35.24,2.11,41.58,0.49,0.19,0.81,1,游댮 high
41,Granulation,42.64,1.63,40.36,0.37,0.14,0.68,1,游댮 high
41,Granulation,45.64,1.8,50.89,0.46,0.26,0.05,0,游릭 low
41,Granulation,43.51,2.17,47.2,0.22,0.13,0.86,1,游댮 high
41,Granulation,41.69,1.82,40.46,0.54,0.2,0.37,0,游리 medium
41,Drying,69.82,1.15,15.57,0.48,0.2,0.05,0,游릭 low
41,Drying,65.32,1.32,16.12,0.59,0.17,0.27,0,游릭 low
41,Drying,65.12,1.06,14.25,0.53,0.18,0.92,1,游댮 high
41,Drying,70.63,1.07,3.64,0.5,0.13,0.27,0,游릭 low
41,Drying,64.65,1.02,15.68,0.24,0.22,0.87,1,游댮 high
41,Pressing,28.15,2.24,42.03,0.33,0.16,0.39,0,游리 medium
41,Pressing,29.33,2.83,49.87,0.46,0.16,0.76,1,游댮 high
41,Pressing,24.83,2.65,45.07,0.44,0.11,0.39,0,游리 medium
41,Pressing,29.31,2.66,45.58,0.24,0.21,0.31,0,游리 medium
41,Pressing,27.38,2.8,42.24,0.32,0.14,0.81,1,游댮 high
41,Coating,46.37,1.13,65.63,0.42,0.24,0.05,0,游릭 low
41,Coating,41.51,1.19,69.68,0.21,0.27,0.38,0,游리 medium
41,Coating,51.1,1.23,68.68,0.44,0.12,0.36,0,游리 medium
41,Coating,60.23,1.36,56.65,0.38,0.23,0.55,1,游리 medium
41,Coating,47.24,1.34,64.72,0.4,0.26,0.05,0,游릭 low
41,Packaging,22.64,1.05,38.51,0.37,0.09,0.42,0,游리 medium
41,Packaging,24.75,1.08,56.46,0.52,0.13,0.4,0,游리 medium
41,Packaging,23.08,1.07,58.7,0.34,0.31,0.05,0,游릭 low
41,Packaging,20.98,1.06,53.02,0.38,0.23,0.55,1,游리 medium
41,Packaging,24.04,1.02,38.17,0.53,0.12,0.32,0,游리 medium
42,Mixing,26.3,1.09,57.38,0.35,0.16,0.32,0,游리 medium
42,Mixing,26.77,1.48,50.94,0.29,0.26,0.38,0,游리 medium
42,Mixing,25.46,1.45,54.36,0.53,0.22,0.05,0,游릭 low
42,Mixing,25.38,1.33,52.06,0.48,0.23,0.05,0,游릭 low
42,Mixing,24.9,1.22,54.98,0.4,0.25,0.05,0,游릭 low
42,Granulation,36.54,1.7,47.05,0.58,0.19,0.6,1,游댮 high
42,Granulation,34.27,1.54,43.8,0.52,0.13,0.71,1,游댮 high
42,Granulation,41.53,1.86,44.54,0.38,0.26,0.05,0,游릭 low
42,Granulation,36.2,2.01,48.44,0.31,0.27,0.05,0,游릭 low
42,Granulation,39.65,2.19,46.62,0.5,0.14,0.6,1,游댮 high
42,Drying,73.04,1.38,5.75,0.25,0.13,0.77,1,游댮 high
42,Drying,59.99,1.2,11.64,0.2,0.26,0.6,1,游댮 high
42,Drying,73.12,1.24,7.99,0.54,0.14,0.35,0,游리 medium
42,Drying,71.02,1.11,9.79,0.47,0.14,0.34,0,游리 medium
42,Drying,75.81,1.01,11.68,0.51,0.13,0.85,1,游댮 high
42,Pressing,29.16,2.21,36.68,0.25,0.17,0.64,1,游댮 high
42,Pressing,27.04,2.16,42.11,0.24,0.2,0.32,0,游리 medium
42,Pressing,26.88,2.36,39.12,0.53,0.21,0.05,0,游릭 low
42,Pressing,28.56,3.05,44.35,0.54,0.27,0.49,0,游리 medium
42,Pressing,29.17,2.52,47.47,0.35,0.14,0.39,0,游리 medium
42,Coating,52.62,1.36,56.06,0.4,0.3,0.05,0,游릭 low
42,Coating,45.16,1.0,66.82,0.57,0.23,0.05,0,游릭 low
42,Coating,55.62,1.21,49.85,0.45,0.21,0.55,1,游리 medium
42,Coating,39.87,1.22,60.61,0.54,0.13,0.41,0,游리 medium
42,Coating,47.93,1.26,59.9,0.24,0.27,0.4,0,游리 medium
42,Packaging,23.55,0.91,52.49,0.37,0.15,0.27,0,游릭 low
42,Packaging,22.76,0.94,52.35,0.25,0.31,0.35,0,游리 medium
42,Packaging,21.39,1.08,40.5,0.21,0.21,0.33,0,游리 medium
42,Packaging,24.39,0.91,57.77,0.28,0.23,0.76,1,游댮 high
42,Packaging,24.14,0.95,59.9,0.32,0.1,0.88,1,游댮 high
43,Mixing,24.99,1.41,55.61,0.44,0.1,0.35,0,游리 medium
43,Mixing,26.05,1.28,51.03,0.49,0.16,0.41,0,游리 medium
43,Mixing,24.5,1.37,58.31,0.56,0.22,0.05,0,游릭 low
43,Mixing,24.01,1.32,59.21,0.22,0.12,0.72,1,游댮 high
43,Mixing,23.96,1.11,50.71,0.25,0.27,0.29,0,游릭 low
43,Granulation,44.29,2.02,49.28,0.32,0.25,0.05,0,游릭 low
43,Granulation,40.66,2.21,40.53,0.32,0.16,0.71,1,游댮 high
43,Granulation,37.02,2.04,47.3,0.43,0.28,0.05,0,游릭 low
43,Granulation,38.24,1.7,45.83,0.27,0.25,0.31,0,游리 medium
43,Granulation,41.67,1.56,38.5,0.54,0.17,0.61,1,游댮 high
43,Drying,73.14,1.25,14.07,0.35,0.14,0.45,0,游리 medium
43,Drying,74.35,1.06,11.25,0.31,0.13,0.43,0,游리 medium
43,Drying,64.68,1.09,14.34,0.33,0.27,0.49,0,游리 medium
43,Drying,62.72,1.21,10.51,0.48,0.25,0.29,0,游릭 low
43,Drying,67.38,1.11,14.14,0.58,0.1,0.34,0,游리 medium
43,Pressing,26.54,2.82,35.22,0.49,0.16,0.8,1,游댮 high
43,Pressing,27.75,2.79,33.61,0.54,0.09,0.76,1,游댮 high
43,Pressing,28.39,2.89,38.83,0.51,0.16,0.82,1,游댮 high
43,Pressing,25.62,2.15,47.72,0.51,0.28,0.05,0,游릭 low
43,Pressing,27.18,2.42,47.05,0.59,0.28,0.05,0,游릭 low
43,Coating,53.79,1.24,66.11,0.28,0.22,0.36,0,游리 medium
43,Coating,55.26,1.28,65.27,0.21,0.09,0.78,1,游댮 high
43,Coating,56.78,1.36,61.26,0.27,0.16,0.52,1,游리 medium
43,Coating,48.7,1.19,56.49,0.6,0.23,0.05,0,游릭 low
43,Coating,45.36,1.23,64.31,0.26,0.21,0.27,0,游릭 low
43,Packaging,21.96,0.97,49.65,0.21,0.18,0.52,1,游리 medium
43,Packaging,20.43,1.06,58.16,0.31,0.13,0.31,0,游리 medium
43,Packaging,24.9,1.08,57.42,0.57,0.26,0.05,0,游릭 low
43,Packaging,21.88,1.04,51.23,0.23,0.15,0.64,1,游댮 high
43,Packaging,24.31,1.07,56.32,0.47,0.16,0.28,0,游릭 low
44,Mixing,24.66,1.17,53.86,0.5,0.18,0.35,0,游리 medium
44,Mixing,23.64,0.98,56.01,0.52,0.22,0.05,0,游릭 low
44,Mixing,25.62,1.55,58.19,0.33,0.11,0.31,0,游리 medium
44,Mixing,26.87,1.04,56.46,0.38,0.25,0.05,0,游릭 low
44,Mixing,24.74,1.38,51.89,0.57,0.28,0.05,0,游릭 low
44,Granulation,41.74,1.63,43.3,0.2,0.28,0.31,0,游리 medium
44,Granulation,44.25,1.92,47.24,0.43,0.09,0.61,1,游댮 high
44,Granulation,41.72,1.77,45.47,0.33,0.21,0.41,0,游리 medium
44,Granulation,40.68,1.84,50.49,0.59,0.13,0.5,1,游리 medium
44,Granulation,39.08,1.53,49.42,0.28,0.16,0.81,1,游댮 high
44,Drying,80.13,1.14,7.71,0.44,0.24,0.05,0,游릭 low
44,Drying,61.16,1.18,8.94,0.48,0.11,0.76,1,游댮 high
44,Drying,68.7,1.1,11.45,0.42,0.22,0.05,0,游릭 low
44,Drying,69.5,1.05,7.5,0.36,0.31,0.55,1,游리 medium
44,Drying,67.49,1.09,8.67,0.48,0.21,0.05,0,游릭 low
44,Pressing,29.07,2.83,38.53,0.32,0.19,0.94,1,游댮 high
44,Pressing,25.34,2.95,50.56,0.27,0.27,0.68,1,游댮 high
44,Pressing,25.37,2.19,35.39,0.29,0.14,0.75,1,游댮 high
44,Pressing,27.19,2.71,39.42,0.55,0.3,0.88,1,游댮 high
44,Pressing,29.27,2.15,47.91,0.42,0.14,0.75,1,游댮 high
44,Coating,47.95,1.08,70.79,0.31,0.17,0.34,0,游리 medium
44,Coating,40.25,1.34,58.68,0.4,0.26,0.05,0,游릭 low
44,Coating,43.84,1.2,64.59,0.43,0.2,0.05,0,游릭 low
44,Coating,58.36,1.36,58.12,0.27,0.27,0.28,0,游릭 low
44,Coating,58.88,1.11,54.88,0.21,0.16,0.53,1,游리 medium
44,Packaging,24.11,0.99,54.97,0.29,0.16,0.59,1,游리 medium
44,Packaging,20.53,1.04,40.37,0.52,0.26,0.05,0,游릭 low
44,Packaging,22.34,1.09,42.28,0.22,0.13,0.74,1,游댮 high
44,Packaging,25.55,1.02,55.86,0.21,0.21,0.37,0,游리 medium
44,Packaging,24.24,0.94,48.65,0.52,0.25,0.05,0,游릭 low
45,Mixing,22.67,1.06,59.53,0.56,0.19,0.35,0,游리 medium
45,Mixing,25.47,1.38,58.41,0.22,0.27,0.93,1,游댮 high
45,Mixing,21.18,1.52,54.27,0.38,0.19,0.34,0,游리 medium
45,Mixing,26.79,1.15,58.12,0.35,0.18,0.42,0,游리 medium
45,Mixing,26.61,1.37,55.51,0.33,0.24,0.05,0,游릭 low
45,Granulation,43.96,1.67,56.02,0.28,0.11,0.82,1,游댮 high
45,Granulation,40.01,1.97,43.91,0.36,0.27,0.05,0,游릭 low
45,Granulation,45.49,1.89,47.97,0.55,0.1,0.79,1,游댮 high
45,Granulation,34.48,1.44,52.28,0.58,0.17,0.72,1,游댮 high
45,Granulation,39.85,1.83,50.62,0.5,0.28,0.55,1,游리 medium
45,Drying,60.37,1.04,6.9,0.32,0.29,0.97,1,游댮 high
45,Drying,80.61,1.17,9.87,0.39,0.14,0.38,0,游리 medium
45,Drying,70.73,1.15,6.44,0.58,0.25,0.05,0,游릭 low
45,Drying,62.43,1.09,12.27,0.56,0.19,0.83,1,游댮 high
45,Drying,78.6,0.97,10.1,0.58,0.21,0.05,0,游릭 low
45,Pressing,29.67,2.75,34.76,0.49,0.21,0.6,1,游댮 high
45,Pressing,27.84,2.32,41.56,0.22,0.26,0.34,0,游리 medium
45,Pressing,28.94,2.09,42.33,0.48,0.26,0.05,0,游릭 low
45,Pressing,27.65,2.79,45.11,0.24,0.21,0.74,1,游댮 high
45,Pressing,26.55,1.93,44.91,0.31,0.16,0.32,0,游리 medium
45,Coating,52.59,1.25,65.31,0.55,0.22,0.05,0,游릭 low
45,Coating,49.06,1.11,66.2,0.53,0.13,0.32,0,游리 medium
45,Coating,45.53,1.2,53.9,0.33,0.28,0.55,1,游리 medium
45,Coating,44.53,1.17,50.45,0.29,0.27,0.36,0,游리 medium
45,Coating,42.46,1.04,70.44,0.34,0.19,0.33,0,游리 medium
45,Packaging,25.16,0.94,45.29,0.29,0.25,0.3,0,游리 medium
45,Packaging,23.02,0.95,52.64,0.55,0.09,0.45,0,游리 medium
45,Packaging,22.75,0.92,39.23,0.24,0.3,0.43,0,游리 medium
45,Packaging,20.14,1.05,58.71,0.56,0.25,0.05,0,游릭 low
45,Packaging,24.7,1.05,60.1,0.4,0.26,0.05,0,游릭 low
46,Mixing,23.51,1.51,53.2,0.61,0.11,0.36,0,游리 medium
46,Mixing,25.62,1.12,51.85,0.31,0.13,0.29,0,游릭 low
46,Mixing,26.73,1.13,54.6,0.53,0.2,0.05,0,游릭 low
46,Mixing,22.96,0.98,57.1,0.25,0.12,0.61,1,游댮 high
46,Mixing,27.4,1.33,51.53,0.34,0.29,0.05,0,游릭 low
46,Granulation,41.08,1.78,42.98,0.33,0.18,0.69,1,游댮 high
46,Granulation,39.69,1.9,53.97,0.54,0.17,0.65,1,游댮 high
46,Granulation,35.37,1.98,45.86,0.29,0.11,1.0,1,游댮 high
46,Granulation,35.37,1.52,39.08,0.19,0.29,0.44,0,游리 medium
46,Granulation,38.85,2.14,47.02,0.58,0.13,1.0,1,游댮 high
46,Drying,73.53,1.16,13.62,0.46,0.21,0.05,0,游릭 low
46,Drying,61.28,1.23,13.61,0.25,0.11,1.0,1,游댮 high
46,Drying,78.13,1.19,17.72,0.47,0.15,0.32,0,游리 medium
46,Drying,65.66,1.13,10.69,0.57,0.3,0.05,0,游릭 low
46,Drying,71.73,1.14,8.4,0.19,0.13,0.75,1,游댮 high
46,Pressing,26.69,2.56,46.0,0.36,0.17,0.43,0,游리 medium
46,Pressing,27.75,2.89,38.95,0.3,0.24,0.4,0,游리 medium
46,Pressing,29.34,2.91,41.55,0.54,0.14,0.94,1,游댮 high
46,Pressing,27.77,2.6,45.11,0.61,0.17,0.35,0,游리 medium
46,Pressing,26.07,2.91,50.99,0.48,0.29,0.45,0,游리 medium
46,Coating,55.04,1.2,61.73,0.4,0.2,0.05,0,游릭 low
46,Coating,55.24,1.01,67.36,0.21,0.25,0.36,0,游리 medium
46,Coating,51.34,1.16,67.21,0.42,0.22,0.05,0,游릭 low
46,Coating,58.39,1.26,59.8,0.36,0.16,0.95,1,游댮 high
46,Coating,50.14,1.13,59.05,0.25,0.16,0.58,1,游리 medium
46,Packaging,22.81,0.96,45.84,0.58,0.13,0.28,0,游릭 low
46,Packaging,25.48,1.0,42.69,0.53,0.14,0.42,0,游리 medium
46,Packaging,23.9,1.01,43.94,0.26,0.24,0.28,0,游릭 low
46,Packaging,24.98,1.06,57.78,0.47,0.21,0.05,0,游릭 low
46,Packaging,21.7,1.04,47.31,0.29,0.31,0.37,0,游리 medium
47,Mixing,23.49,1.52,51.57,0.39,0.15,0.77,1,游댮 high
47,Mixing,26.6,1.07,50.56,0.48,0.25,0.05,0,游릭 low
47,Mixing,27.09,1.43,52.14,0.29,0.21,0.43,0,游리 medium
47,Mixing,26.09,1.33,59.78,0.26,0.18,0.63,1,游댮 high
47,Mixing,23.21,1.12,53.34,0.46,0.2,0.05,0,游릭 low
47,Granulation,41.11,2.07,45.99,0.48,0.21,0.32,0,游리 medium
47,Granulation,42.05,1.48,50.4,0.34,0.22,0.45,0,游리 medium
47,Granulation,38.85,1.85,54.39,0.5,0.14,0.65,1,游댮 high
47,Granulation,41.75,2.22,41.48,0.27,0.13,0.94,1,游댮 high
47,Granulation,41.31,1.56,50.15,0.27,0.2,0.65,1,游댮 high
47,Drying,66.37,1.17,10.39,0.44,0.25,0.05,0,游릭 low
47,Drying,73.62,1.18,9.33,0.46,0.23,0.05,0,游릭 low
47,Drying,68.9,1.26,12.11,0.36,0.18,0.29,0,游릭 low
47,Drying,75.46,0.93,14.47,0.23,0.16,0.63,1,游댮 high
47,Drying,78.55,1.21,4.8,0.46,0.22,0.05,0,游릭 low
47,Pressing,26.89,2.7,35.37,0.42,0.24,0.05,0,游릭 low
47,Pressing,28.11,2.24,48.06,0.59,0.11,0.45,0,游리 medium
47,Pressing,29.98,2.87,49.66,0.53,0.25,0.37,0,游리 medium
47,Pressing,27.82,2.22,44.45,0.29,0.15,0.59,1,游리 medium
47,Pressing,25.32,2.88,49.34,0.26,0.3,1.0,1,游댮 high
47,Coating,39.71,1.3,63.07,0.6,0.13,0.35,0,游리 medium
47,Coating,43.44,1.11,59.84,0.4,0.13,0.35,0,游리 medium
47,Coating,40.37,1.05,55.36,0.31,0.12,0.27,0,游릭 low
47,Coating,49.09,1.2,60.22,0.56,0.15,0.9,1,游댮 high
47,Coating,50.73,1.22,55.13,0.59,0.11,0.93,1,游댮 high
47,Packaging,24.31,1.06,43.46,0.43,0.11,0.31,0,游리 medium
47,Packaging,24.54,1.1,43.13,0.21,0.11,0.7,1,游댮 high
47,Packaging,25.35,1.05,48.09,0.2,0.13,1.0,1,游댮 high
47,Packaging,21.32,1.08,44.62,0.54,0.24,0.05,0,游릭 low
47,Packaging,23.29,0.91,42.27,0.22,0.26,0.39,0,游리 medium
48,Mixing,26.06,1.22,51.37,0.52,0.11,0.4,0,游리 medium
48,Mixing,27.17,1.37,53.8,0.39,0.11,0.86,1,游댮 high
48,Mixing,21.69,1.24,51.2,0.26,0.26,0.32,0,游리 medium
48,Mixing,27.58,1.48,52.91,0.22,0.13,0.66,1,游댮 high
48,Mixing,22.12,0.99,53.88,0.39,0.14,0.41,0,游리 medium
48,Granulation,42.99,1.77,54.94,0.5,0.12,0.7,1,游댮 high
48,Granulation,37.66,1.64,43.74,0.33,0.27,0.05,0,游릭 low
48,Granulation,42.68,1.72,47.81,0.59,0.26,0.05,0,游릭 low
48,Granulation,43.03,2.09,45.27,0.33,0.11,0.5,0,游리 medium
48,Granulation,37.6,1.82,40.5,0.24,0.19,1.0,1,游댮 high
48,Drying,65.47,1.01,8.12,0.56,0.26,0.55,1,游리 medium
48,Drying,79.65,1.2,4.41,0.38,0.3,0.05,0,游릭 low
48,Drying,77.68,1.26,8.23,0.25,0.22,0.39,0,游리 medium
48,Drying,72.24,1.05,12.42,0.21,0.28,0.33,0,游리 medium
48,Drying,63.96,1.22,14.02,0.48,0.16,0.6,1,游댮 high
48,Pressing,30.21,2.24,50.21,0.26,0.22,0.32,0,游리 medium
48,Pressing,26.9,2.89,42.82,0.3,0.11,0.67,1,游댮 high
48,Pressing,27.37,2.64,36.75,0.47,0.26,0.05,0,游릭 low
48,Pressing,28.59,2.29,36.62,0.3,0.11,0.38,0,游리 medium
48,Pressing,27.72,2.31,38.08,0.56,0.1,0.41,0,游리 medium
48,Coating,47.61,1.18,55.76,0.41,0.14,0.42,0,游리 medium
48,Coating,52.01,1.07,62.26,0.38,0.25,0.05,0,游릭 low
48,Coating,53.66,1.26,57.27,0.42,0.27,0.05,0,游릭 low
48,Coating,45.26,1.32,59.89,0.37,0.14,0.37,0,游리 medium
48,Coating,42.84,1.19,69.5,0.5,0.13,0.37,0,游리 medium
48,Packaging,21.85,1.1,52.87,0.37,0.25,0.05,0,游릭 low
48,Packaging,22.5,1.09,41.55,0.55,0.21,0.05,0,游릭 low
48,Packaging,23.07,0.96,44.26,0.41,0.23,0.05,0,游릭 low
48,Packaging,24.11,1.03,43.06,0.32,0.22,0.05,0,游릭 low
48,Packaging,24.28,1.03,60.83,0.28,0.18,0.53,1,游리 medium
49,Mixing,26.37,1.22,57.64,0.32,0.3,0.05,0,游릭 low
49,Mixing,25.92,1.06,53.87,0.28,0.14,1.0,1,游댮 high
49,Mixing,26.18,1.36,51.06,0.21,0.2,0.37,0,游리 medium
49,Mixing,22.14,1.53,51.5,0.35,0.14,0.27,0,游릭 low
49,Mixing,24.39,1.48,53.42,0.58,0.31,0.05,0,游릭 low
49,Granulation,42.79,1.69,44.54,0.2,0.26,0.42,0,游리 medium
49,Granulation,41.88,1.46,51.11,0.35,0.2,0.3,0,游리 medium
49,Granulation,39.92,1.79,52.02,0.32,0.14,0.68,1,游댮 high
49,Granulation,37.62,1.63,43.26,0.57,0.2,0.35,0,游리 medium
49,Granulation,40.42,1.92,43.37,0.56,0.12,0.72,1,游댮 high
49,Drying,66.63,1.1,11.67,0.37,0.29,0.05,0,游릭 low
49,Drying,78.04,1.2,7.92,0.31,0.28,0.05,0,游릭 low
49,Drying,71.64,1.28,11.52,0.32,0.21,0.05,0,游릭 low
49,Drying,63.54,0.97,8.99,0.44,0.28,0.4,0,游리 medium
49,Drying,69.89,1.16,6.88,0.25,0.3,0.3,0,游리 medium
49,Pressing,28.04,2.72,36.87,0.49,0.26,0.37,0,游리 medium
49,Pressing,29.05,2.75,33.94,0.45,0.27,0.64,1,游댮 high
49,Pressing,27.96,2.86,33.56,0.49,0.25,0.47,0,游리 medium
49,Pressing,25.02,2.34,44.63,0.35,0.18,0.4,0,游리 medium
49,Pressing,26.19,2.86,37.32,0.41,0.25,0.91,1,游댮 high
49,Coating,47.71,1.24,71.07,0.3,0.25,0.05,0,游릭 low
49,Coating,59.35,1.4,64.93,0.3,0.18,0.26,0,游릭 low
49,Coating,51.26,1.29,57.97,0.46,0.23,0.05,0,游릭 low
49,Coating,52.1,1.07,54.29,0.53,0.14,0.39,0,游리 medium
49,Coating,44.15,1.38,54.26,0.35,0.25,0.05,0,游릭 low
49,Packaging,21.31,0.98,55.39,0.33,0.25,0.05,0,游릭 low
49,Packaging,23.09,1.04,39.64,0.45,0.13,0.39,0,游리 medium
49,Packaging,22.7,1.08,46.78,0.41,0.16,0.34,0,游리 medium
49,Packaging,20.94,0.9,60.01,0.54,0.2,0.05,0,游릭 low
49,Packaging,20.27,1.02,51.22,0.37,0.19,0.8,1,游댮 high
50,Mixing,23.37,1.35,56.66,0.48,0.23,0.05,0,游릭 low
50,Mixing,23.66,1.11,54.03,0.59,0.16,0.45,0,游리 medium
50,Mixing,26.62,1.25,51.64,0.25,0.24,0.29,0,游릭 low
50,Mixing,27.72,1.3,53.14,0.37,0.29,0.05,0,游릭 low
50,Mixing,26.34,1.36,50.92,0.39,0.25,0.05,0,游릭 low
50,Granulation,37.84,1.69,45.7,0.22,0.16,1.0,1,游댮 high
50,Granulation,44.53,1.82,43.39,0.32,0.23,0.05,0,游릭 low
50,Granulation,39.23,1.81,45.87,0.47,0.1,0.83,1,游댮 high
50,Granulation,41.57,2.25,42.61,0.29,0.25,0.31,0,游리 medium
50,Granulation,35.17,1.46,43.68,0.5,0.14,0.58,1,游리 medium
50,Drying,72.56,1.18,13.12,0.22,0.25,0.39,0,游리 medium
50,Drying,78.67,1.31,11.56,0.44,0.28,0.05,0,游릭 low
50,Drying,76.62,1.1,12.38,0.28,0.09,1.0,1,游댮 high
50,Drying,59.28,1.32,8.06,0.33,0.28,0.43,0,游리 medium
50,Drying,78.61,1.18,9.78,0.42,0.14,0.29,0,游릭 low
50,Pressing,26.65,2.4,44.33,0.37,0.28,0.05,0,游릭 low
50,Pressing,27.83,2.09,35.54,0.46,0.17,0.38,0,游리 medium
50,Pressing,28.07,2.73,45.94,0.4,0.14,0.92,1,游댮 high
50,Pressing,25.73,2.6,47.57,0.45,0.2,0.55,1,游리 medium
50,Pressing,26.65,2.93,39.82,0.25,0.09,1.0,1,游댮 high
50,Coating,46.95,1.28,61.09,0.46,0.29,0.05,0,游릭 low
50,Coating,58.6,1.07,56.54,0.27,0.24,0.3,0,游리 medium
50,Coating,53.97,1.05,67.08,0.6,0.21,0.05,0,游릭 low
50,Coating,45.89,1.23,66.88,0.48,0.19,0.81,1,游댮 high
50,Coating,47.71,1.23,52.21,0.6,0.09,0.91,1,游댮 high
50,Packaging,19.87,0.92,48.11,0.4,0.26,0.05,0,游릭 low
50,Packaging,24.57,1.0,56.64,0.53,0.16,0.26,0,游릭 low
50,Packaging,23.66,1.09,48.38,0.5,0.22,0.05,0,游릭 low
50,Packaging,22.76,1.05,43.31,0.59,0.18,0.34,0,游리 medium
50,Packaging,23.08,1.09,45.63,0.49,0.22,0.05,0,游릭 low
